jockey_id,jockey_name,jockey_added_value
00730,高山太郎,-0.07047533764994617
00728,菊地昇吾,0.0
00714,橋本美純,0.17071524514381056
01056,西原玲奈,0.0
00839,戸部尚実,0.0
00672,菊沢隆徳,0.06558499705685489
00685,角田晃一,0.07036822413148394
05194,倉地学,-0.10571300647491925
05453,ウェルズ,0.0
00907,桑島孝春,0.0
05296,米倉知,-0.16666666666666666
00410,向山牧,-0.0422852025899677
05409,柏木健宏,0.0
00405,浜口楠彦,0.424381464076699
00627,出津孝一,-0.10571300647491925
05452,沢田龍哉,-0.10571300647491925
05000,酒井忍,0.0
05459,林幻,0.0
05256,山下貴光,0.0
01083,高井彰大,-0.007221849110740329
05094,斉藤正弘,-0.05
05461,ライ,0.0
00423,山田信大,0.0
00679,小野次郎,-0.020908424562659275
00729,小林久晃,-0.040817555097059775
00643,田島裕和,-0.037310472873500915
05415,カステリ,0.0
01107,船曳文士,-0.033643728070399226
05463,高橋悠里,0.0
05007,スミス,-0.44722222222222224
05465,チャドウ,-0.2767857142857143
05467,マイヨ,0.0
05468,スタイン,0.0
05466,マルレナ,0.0
05335,ボニヤ,-0.02317438996804208
05462,大坪慎,-0.10571300647491925
01073,高野容輔,0.0008832249575538071
01079,北村浩平,0.013250795693858133
01065,柄崎将寿,-0.04485680172664513
05349,加藤和義,0.0
01028,仲田雅興,-0.1111111111111111
01003,金折知則,-0.009648786165079
01081,生野賢一,-0.06530797866600752
00699,郷原洋司,-0.03019025591362656
05282,松浦政宏,0.0
05022,菅原勲,-0.11926450978004087
01086,南田雅昭,0.026271829284998632
05064,水野貴史,-0.07642825161872982
00865,ブフ,0.0
05476,畑中信司,0.0
05284,マーウィ,0.0
05228,北野真弘,-0.11857100215830642
05365,山崎誠士,0.1621907320383495
05457,西村栄喜,-0.05285650323745963
00579,川島洋人,-0.26678475485618947
01047,高橋智大,-0.009760315186584404
00443,山口竜一,0.10219829421294314
05054,坂下秀樹,0.030476830095873715
05104,小嶋久輝,-0.10571300647491925
05479,アングラ,-0.5
05337,コーツィ,-0.10571300647491925
05481,倉兼育康,0.0
05480,斎藤雄一,-0.10571300647491925
00725,宗像徹,-0.04851347592473279
05223,赤木高太,0.006047337379462756
05483,エスピノ,0.0
05484,ハナガン,-0.18988648090815272
05486,ノレン,-0.3904761904761904
05033,ヴェラス,0.03561935140882513
05392,ドミンゲ,-0.2669642857142857
01121,鷹野宏史,-0.016387887590350727
01074,柴原央明,-0.049450334547609893
01078,加藤士津,-0.04702346060593313
01076,南井大志,-0.06834394020789036
01055,田嶋翔,0.004482056379082662
05086,安部幸夫,-0.05724201164838529
05350,杉村一樹,-0.07797583513192202
01094,水出大介,-0.07160650323745962
00836,安藤光彰,-0.02556989684011266
01103,田中克典,-0.020204545192217475
01011,高橋亮,0.00013198857899758134
00719,伊藤直人,-0.028652312234559926
05474,竹村達也,0.0
01071,岩崎祐己,-0.006953690704211346
00712,小林淳一,-0.02925270508472819
01001,青木芳之,-0.0605086861187045
05482,坂本和也,-0.05285650323745963
01040,穂苅寿彦,-0.016409698743034072
05101,小国博行,-0.10571300647491925
05096,川島雅人,0.0
05088,馬渕繁治,-0.10976158495206315
05490,山本政聡,0.0
05477,黒沢愛斗,-0.10571300647491925
05041,吉田稔,-0.02853272821813677
01084,長谷川浩,-0.027118881900821835
01048,武英智,-0.048594857236042614
05493,チャベス,0.0
05475,ピンナ,-0.10038471644050695
01106,千葉直人,-0.031913109325065775
01110,池崎祐介,-0.020145700461864497
00621,田面木博,-0.08174611793737073
00682,佐藤哲三,-0.011210013547205903
00945,安藤勝己,-0.01761956828001033
05494,カラン,-0.47058823529411764
00432,ペリエ,-0.1424497908374675
01022,今村康成,-0.008067132278315537
05496,郷間勇太,0.0
01054,鈴来直人,-0.03486406516395917
01006,野元昭嘉,-0.030679684132178083
01053,小林慎一,-0.031139006367954306
00674,芹沢純一,-0.03736987803158298
00734,渡辺薫彦,-0.06460942937763994
01136,高嶋活士,-0.026565735939217135
00718,飯田祐史,-0.030519228910421865
00637,石橋守,-0.04913011595685931
00426,張田京,-0.047775831888266646
05499,ウォルシ,-0.10571300647491925
05294,村上忍,-0.041666666666666664
05405,板野央,-0.05285650323745963
05500,佐藤裕太,0.0
05301,吉田晃浩,-0.02114260129498385
01017,増沢由貴,-0.05811885573314265
01033,荻野要,-0.010266845058055701
00863,石崎隆之,0.07404783225418013
00882,ムルタ,-0.067118015051664
00879,スティー,-0.5358974358974359
05396,坂井英光,0.021351498743189548
00709,上村洋行,-0.03975093474752062
01145,山崎亮誠,-0.023064469571866652
05506,別府真衣,0.0
05507,有年淳,0.0
05508,島崎和也,0.0
05505,エノン,0.6206896551724138
01148,原田敬伍,-0.029290915012183383
05485,ペドロサ,-0.1241317062099006
05147,長田進仁,0.0
05510,ローウィ,-0.07360505362364805
05511,エスポジ,-0.05562535989904728
05513,ペロヴィ,-0.07645407464589517
05259,木村健,-0.033464530817276565
05518,デフリー,0.031593406593406564
00890,ヒューズ,0.0691913702550876
05039,スマレン,-0.2148938558081026
05074,赤岡修次,-0.01724153147612733
05515,マニング,0.0
00897,デザーモ,-0.19455228007859585
05383,尾島徹,-0.026678869823591467
05352,石崎駿,-0.0422852025899677
00715,横山義行,-0.0001512904143182553
01050,梶晃啓,-0.016078322395169656
00635,中舘英二,-0.04146821268376699
00711,後藤浩輝,-0.009539546080726165
05523,池田敏樹,0.0
00878,ジャルネ,-0.24699730214968468
05526,ターナー,-0.3431623931623931
00856,ベイズ,-0.25982042648709314
00705,藤田伸二,-0.06256589785053897
05376,パスキエ,-0.363499245852187
05497,マクドノ,-0.1274195989485847
01137,花田大昂,-0.034010713111281746
05519,コントレ,-0.08451820060010912
05455,町田直希,-0.027539469333121458
05503,藤田弘治,-0.11810194632218542
05489,今井貴大,0.05771479741003229
05528,ベリー,-0.03402536935245086
05460,デュプレ,-0.08673055915149915
05536,永森大智,-0.29215686274509806
05374,スペンサ,-0.26006961026008846
05535,ウィルソ,0.08191721132897604
05532,ヴェロン,-0.06710207652547313
05514,ブドー,-0.07167196418009641
05537,ファーガ,0.0
05539,早田功駿,-0.15625
05161,東川公則,-0.04103168218206774
05230,今野忠成,-0.04350401253197854
01104,田中博康,-0.06057467324567534
01026,武幸四郎,-0.08568703770690558
05540,達城龍次,-0.0625
05451,吉井友彦,-0.07195003485497618
05544,田野豊三,0.0
05073,佐々木国,0.02447683009587371
05135,ホワイト,0.08786271164609924
05447,クラスト,-0.04083574904971826
05546,マリヨン,0.175
05487,クウィリ,-0.1144080425584605
05516,ダシルヴ,-0.0033111426927341535
05541,中野省吾,-0.07753179356129983
05547,マカヴォ,-0.3333176539770804
05098,真島正徳,0.0026177058147928652
05522,井上幹太,0.17071524514381056
05414,伊藤千尋,0.0
00843,モッセ,-0.15926383667509353
05551,パリッシ,0.0
05550,ポルク,0.0
05527,アッゼニ,-0.10169731930024953
05549,張田昂,0.2628579956833872
05538,シュミノ,-0.09708233379337262
01132,平野優,-0.02659007620950484
05556,栗原大河,0.0
05554,臼井健太,0.0
05553,保園翔也,0.0
01082,鈴木慶太,-0.021001286769598452
05435,柿原翔,-0.00823994315505842
05364,大山真吾,0.0684960359008585
00629,木幡初広,-0.034113994823004194
05336,バルジュ,-0.035588503922361375
01049,二本柳壮,-0.022666375039713194
01111,大下智,-0.0626084073540432
05566,クリッパ,0.0
00655,林満明,0.12597691472540215
00695,浜野谷憲,-0.01891370520668222
05393,ベハラー,0.175
05569,コレット,-0.225
05377,メンディ,-0.07729717023315846
05570,スコフィ,-0.23836110126432705
05438,菅原俊吏,-0.09070053115767882
05306,プレブル,-0.17920543726057678
05199,左海誠二,-0.06922090137806033
05572,佐原秀泰,0.0
05471,ベリー,-0.02784771072934687
05574,グティエ,0.0
05529,ボウマン,-0.07434855869253967
05573,瀧川寿希,0.05805068819014169
05469,ブロンデ,-0.19527462512103885
05099,吉田順治,-0.05285650323745963
05542,高松亮,-0.07758620689655173
05584,山田雄大,0.0
05543,山田祥雄,-0.18181818181818182
00722,小林徹弥,-0.045149449887659135
05568,アヴドゥ,-0.026782222323823757
05309,永島太郎,-0.10571300647491925
05091,五十嵐冬,-0.022769988500703556
05089,宮崎光行,-0.11534025616490427
00837,井上俊彦,-0.08754357240632238
05470,オドノヒ,-0.09918636359680214
05427,ルパルー,-0.2869493006993007
00817,的場文男,-0.12241837977892626
05321,オールプ,-0.00947145590541488
05512,阪野学,-0.04698355843329745
01155,義英真,-0.035669197051452
01097,小島太一,-0.02315814550893737
05588,山下雅之,0.0
05576,石堂響,-0.10571300647491925
05555,中越琉世,0.2604166666666667
05577,岩本怜,0.625
05589,木本直,-0.3333333333333333
05575,マーフィ,0.01523726442466552
05269,繁田健一,-0.10571300647491925
05521,藤原幹生,-0.12246483698458348
00700,四位洋文,-0.0700993054741158
05268,佐藤友則,-0.08961857339680512
05517,ミナリク,-0.1229339237807787
05596,ヒューイ,-0.09525359509252994
01038,中谷雄太,-0.05745585230786603
01031,村田一誠,-0.05716930091575447
00409,鮫島克也,-0.06737571333603214
05548,竹吉徹,-0.10571300647491925
05456,田中純,-0.10571300647491925
05587,小松丈二,-0.10571300647491925
01008,山本康志,-0.015533435077553606
05444,川島正太,0.0
05602,細川智史,0.0
05594,仲原大生,0.0
05599,池谷匠翔,0.0
05583,吉井章,0.3257936507936508
05600,塚本雄大,0.5
01004,西田雄一,-0.029025085357948843
01057,畑端省吾,-0.03938968007355201
01080,佐久間寛,0.0027516771496610445
00663,蛯名正義,-0.056467563425818
01089,高野和馬,0.04262830502951237
01159,三津谷隼,-0.03716260345165399
05608,若杉朝飛,0.0
05605,篠谷葵,-0.23076923076923078
05604,魚住謙心,0.8235294117647058
05611,七夕裕次,-0.07692307692307693
01051,嘉藤貴行,-0.04593735280218318
05618,仲野光馬,0.0
05420,真島大輔,-0.13087185049324832
05525,藤井勘一,-0.08665521996126947
01189,西谷凜,-0.013634002277518927
05530,杉浦健太,-0.0422852025899677
01010,柴田未崎,-0.045968028284753916
05581,松木大地,0.13695730533433453
01035,白浜雄造,0.02750662173732145
05624,吉本隆記,0.0
05229,山口勲,-0.05711764275767701
05491,田中直人,-0.10571300647491925
05623,パコー,-0.23152834008097167
05622,グラハム,-0.37606837606837606
05531,フォーリ,-0.07187953132760184
05464,ギュイヨ,0.012167938485773331
05498,ブノワ,-0.037878418862812804
00727,植野貴也,0.0018295103023136332
05628,小谷周平,0.0
05370,大畑雅章,-0.04530557420353682
05633,加茂飛翔,0.0
05607,木間塚龍,-0.16666666666666669
05631,大山龍太,-0.1
05632,浅野皓大,-0.10344827586206896
05620,イーガン,-0.06963860973389321
05488,本橋孝太,-0.17146097223761814
01014,福永祐一,-0.009819526593454184
05621,バシュロ,-0.0012100236306502178
01036,竹之下智,-0.046063934607505616
00652,熊沢重文,-0.05785782153143199
05501,山下裕貴,-0.10571300647491925
05329,倉富隆一,-0.05285650323745963
00691,北沢伸也,0.08063474197688178
05645,川島拓,0.0
05640,宮川実,-0.3738095238095238
05472,リスポリ,-0.056466752059323444
05502,松井伸也,-0.09568151629104651
01173,山田敬士,-0.022585121700767413
05217,田中学,-0.083872581423161
05646,笹田知宏,-0.23214285714285715
01067,平沢健治,0.08102504117845691
01030,松田大作,-0.051530626485735774
05593,大木天翔,0.25303643724696356
05612,菅原涼太,0.0
05648,大畑慧悟,0.0
05617,浜尚美,0.0
05647,新原周馬,0.0
05630,野畑凌,-0.25
05636,長尾翼玖,0.0
05610,岡遼太郎,0.0
05580,長谷部駿,-0.06968623481781375
05243,柴山雄一,-0.05435388011560582
00684,田中勝春,-0.06823992784566356
01172,服部寿希,-0.0470511136572749
05641,モリス,-0.1654330427662943
01068,蓑島靖典,-0.123937021355188
05660,キングス,-0.10138801054023039
01061,大庭和弥,-0.04193654969142497
01062,川島信二,-0.04534934571882508
01019,秋山真一,-0.06490901596245095
01029,武士沢友,-0.048747376509935596
05552,鈴木祐,-0.11857100215830642
01025,勝浦正樹,-0.03844597517628089
05627,ムルザバ,-0.06382685079894139
05171,岡部誠,-0.0314559267482129
05248,加藤和博,0.0
01175,大塚海渡,-0.03173442154056831
05520,マクドナ,-0.2942471570175555
05454,パートン,-0.0019168187063977418
05478,石川慎将,-0.10571300647491925
05579,出水拓人,-0.5
00894,小牧太,-0.044608009615662664
01199,角田大河,-0.0565079313828835
05299,吉原寛人,-0.06782741966308362
05619,ホー,-0.07859032031201779
05663,オシェア,-0.16952191503669992
05664,サンチア,-0.22271062271062272
05342,森泰斗,-0.034196063853035946
01164,藤田菜七,-0.0529606744027604
01205,小林勝太,-0.03466997345172975
01188,永野猛蔵,-0.057654935621597715
05389,岩橋勇二,-0.039803760049434186
05661,ピーヒュ,-0.14011450541601672
05271,スミヨン,-0.05386987141034173
01210,大江原比,-0.027420070804048506
05495,ビュイッ,-0.1338928986883184
05399,和田譲治,-0.03523766882497308
00875,デットー,0.00039285292739942485
05629,及川烈,-0.10934772950011204
05655,加藤翔馬,0.0
05665,鷹見陸,-0.05555555555555555
05635,長江慶悟,-0.06666666666666667
05651,室陽一朗,0.0
05366,ムーア,-0.057079100087933696
05625,ドイル,-0.12154994624193233
05673,山林堂信,0.0
05659,ルメート,-0.10474317971250607
05567,大柿一真,-0.3294573643410853
01165,森裕太朗,-0.013489146775108764
05115,シュタル,-0.0868349448067905
05545,山本咲希,-0.14885085915562427
01133,水口優也,-0.039904373795001585
05654,山田義貴,0.0
05601,金山昇馬,-0.31493055555555555
05597,鴨宮祥行,-0.07928475485618944
05404,御神本訓,-0.04343825664954066
05557,加藤聡一,-0.1423441794247577
05639,広瀬航,-0.07994520233673849
05644,バデル,0.046142233832300476
05416,ウィリア,-0.043126801488143574
05533,ティータ,-0.11759515404139652
05677,トーレス,-0.41576086956521735
01146,和田翼,-0.030775916743712484
01118,宮崎北斗,-0.02802497427025121
05662,リョン,-0.051806868600520715
05509,モレイラ,0.08439634717427331
05445,山本聡哉,-0.16525198490807178
05598,山中悠希,-0.10571300647491925
05446,ザーラ,0.0
05504,バルザロ,-0.07476378933827221
00815,川原正一,-0.030130842363507465
05679,松戸政也,0.0
05681,永井孝典,0.0
05595,福原杏,-0.08333333333333333
05669,塩津璃菜,0.0
05684,松本一心,0.0
05667,土方颯太,-0.14285714285714285
05682,山本大翔,0.0
05658,青海大樹,0.0
05613,神尾香澄,-0.26666666666666666
05683,佐野遥久,0.0
05650,谷内貫太,-0.02857142857142857
05473,Ｃ．デム,-0.0014306706607061781
05678,プーシャ,-0.11962659848847575
05626,マーカン,-0.06315825678873667
05680,ジェルー,-0.022856731170913594
01114,田中健,-0.04404009675548719
01018,和田竜二,-0.05626279079386386
05328,下原理,-0.1278653183392076
05562,岡村健司,-0.05285650323745963
05690,安藤洋一,0.0
01005,西谷誠,0.043917945403308976
05643,キング,-0.06619396726189056
05676,ハマーハ,-0.08498665226497314
01093,藤岡佑介,-0.055123334108457385
05563,桜井光輔,-0.11185671471385758
05524,笹川翼,-0.03722049006880262
01215,橋木太希,-0.02937357641947093
05053,丸野勝虎,-0.044556510047613095
01072,黒岩悠,-0.10037905060547112
00641,柴田善臣,-0.06131058909089126
01059,石神深一,-0.013602281281191075
05443,本田正重,-0.04835887866473144
05571,菅原辰徳,-0.14571364609460247
05380,矢野貴之,-0.14556739598212598
00726,岩部純二,-0.04771262906852155
05615,井上瑛太,0.0
01179,菅原明良,-0.043472305269816686
01066,難波剛健,-0.03544945862274853
05674,ディー,-0.11560814441740118
05675,ゴンサル,-0.011557548112010594
01043,北村宏司,-0.049939017221185655
05666,望月洵輝,0.37280701754385964
05692,長谷川蓮,0.0
05609,飛田愛斗,0.004905661234323366
01202,鷲頭虎太,-0.01881245247992684
01160,荻野極,-0.05590574025795583
01063,小坂忠士,-0.024003217785954652
01101,中村将之,-0.048662088655208255
01052,金子光希,-0.006906126086925236
05408,筒井勇介,-0.03335267573504942
01221,舟山瑠泉,0.013791041583742794
05492,阿部龍,-0.06769728216454833
01131,西村太一,-0.01520270200006833
05695,ヘルナン,0.02851211796846584
05696,フーリー,-0.22946428571428573
05694,ナレドゥ,-0.1701000440662095
05390,吉村智洋,-0.10497372182449552
05642,ヴェロン,-0.16967522604883867
05693,ロイド,-0.06570271833429728
05691,コレット,0.061242007477185376
01150,石川裕紀,-0.08883633476917173
05558,渡辺竜也,-0.008307322514635276
05286,服部茂史,-0.026044196722047486
05411,桑村真明,-0.07290954882365167
05685,宮内勇樹,0.8942869935250808
01219,谷原柚希,-0.06530886461157129
05429,岡田祥嗣,-0.06977033541815332
05534,石川倭,-0.05153490873231409
01195,川端海翼,-0.01949155794806209
01125,国分優作,-0.05872408519667205
01194,大久保友,-0.061170583090632356
05592,小野楓馬,-0.0725164585572783
05578,落合玄太,-0.06862386606794314
01180,団野大成,-0.04706360433363381
05585,レーン,-0.008433740212631049
01198,土田真翔,-0.06064179479770633
01119,伊藤工真,-0.029586523204223912
01177,小林凌大,-0.024035159272136068
01201,水沼元輝,-0.04073500091804618
01182,泉谷楓真,-0.0491840913333662
01023,江田勇亮,-0.0019548624790069824
01149,伴啓太,-0.05222797550608026
01046,高田潤,0.009753494304434278
01211,坂口智康,-0.10683867341094648
01139,森一馬,-0.029013879176508217
01196,小牧加矢,0.041698162447949376
01120,大江原圭,-0.02595736566759547
01123,小野寺祐,-0.013941194691915538
01087,上野翔,-0.05066688394192764
01069,五十嵐雄,-0.04576118930148881
01113,草野太郎,-0.05078610417484174
05697,小谷哲平,0.0
01128,川須栄彦,-0.04794605550732401
01122,三浦皇成,-0.06267149550161656
01129,菅原隆一,-0.03630250892035087
05203,岩田康誠,-0.03193659905500089
01152,小崎綾也,-0.05330073595598879
01092,津村明秀,-0.06771272023811038
01151,井上敏樹,-0.03426157963123446
01156,加藤祥太,-0.03680857456616701
01147,城戸義政,-0.033237273800988565
01105,田村太雅,-0.05798477693048664
01108,的場勇人,-0.0469844279617131
01213,高杉吏麒,-0.020320539390577715
01015,古川吉洋,-0.062156188861495924
01191,松本大輝,-0.05299750241173712
01223,和田陽希,-0.028494893285119297
01099,鮫島良太,-0.05275218267252969
01112,荻野琢真,-0.04956275613964356
01193,今村聖奈,-0.03838669799975541
01204,河原田菜,-0.029845527041588642
01176,亀田温心,-0.05777343138926405
01222,森田誠也,-0.016887615524670906
01142,長岡禎仁,-0.04705668562408964
01181,秋山稔樹,-0.020176307420540274
01220,田山旺佑,-0.016494199859967595
01130,高倉稜,-0.06490275055489311
01168,富田暁,-0.07239310553823514
01186,角田大和,-0.044179110100154635
01037,太宰啓介,-0.063918160170746
05212,Ｍ．デム,-0.0346305606128283
01190,古川奈穂,-0.02666366976736404
01154,松若風馬,-0.055041824290737874
01157,鮫島克駿,-0.049840212401958336
01095,吉田隼人,-0.04583945858431095
01034,酒井学,-0.06311660972648155
01032,池添謙一,-0.07039643284548666
01163,坂井瑠星,-0.04004834734750901
01102,北村友一,-0.04019100943356132
05386,戸崎圭太,-0.031062543168924622
05339,ルメール,0.020226898974718053
00666,武豊,-0.0651372253730943
01185,小沢大仁,-0.06469426275864602
00732,幸英明,-0.06007865965475902
01216,吉村誠之,-0.05981884378232107
01212,柴田裕一,-0.04174828413342645
01088,川田将雅,-0.003208130107756462
01208,田口貫太,-0.04264935749827934
01138,藤懸貴志,-0.041914049063157
01126,松山弘平,-0.04005651225130797
01192,横山琉人,-0.05290092854962443
01141,中井裕二,-0.05692036218750015
01187,永島まな,-0.046447329611287454
01115,浜中俊,-0.04908086535115789
01174,岩田望来,-0.03198327484820086
01144,菱田裕二,-0.05439959796719092
01171,西村淳也,-0.03629976386304002
01209,石神深道,-0.01634977002258094
00660,横山典弘,-0.06576750959241237
01203,石田拓郎,-0.02848975869733275
01135,杉原誠人,-0.06215259556304604
01085,松岡正海,-0.07649899631216903
01109,黛弘人,-0.05056662071222287
01167,木幡育也,-0.025529445747532853
00733,吉田豊,-0.05583347033334762
01206,小林美駒,-0.0015861635403315222
01009,柴田大知,-0.06971370110527456
01134,嶋田純次,-0.036917496734836915
01200,西塚洸二,-0.04460210926512725
01166,川又賢治,-0.046709656121198345
00422,内田博幸,-0.06930239789553738
01183,小林脩斗,-0.04087646209014462
00689,江田照男,-0.06971182446970055
01178,斎藤新,-0.06152944455432986
01143,原田和真,-0.04366118214922985
01075,田辺裕信,-0.032588033886566836
01077,石橋脩,-0.07522015757699597
01096,大野拓弥,-0.06062259635040917
01124,国分恭介,-0.04172980403400273
01170,横山武史,-0.05560735119491076
01158,野中悠太,-0.05946280132459519
01140,横山和生,-0.04823370848983
01207,佐藤翔馬,-0.03373195518029767
01169,武藤雅,-0.05857948541744354
01162,木幡巧也,-0.0504194080431441
01153,木幡初也,-0.03842495049804639
01091,丹内祐次,-0.03808366510937811
05586,ミシェル,-0.023072144360809153
01218,遠藤汰月,-0.036614585181368745
01217,上里直汰,-0.024972804341843464
01184,原優介,-0.04709434611940205
01214,長浜鴻緒,-0.027786972409867095
01117,丸田恭介,-0.03610031193807356
01161,菊沢一樹,-0.03307105918529234
01197,佐々木大,-0.04041822286413721
01127,丸山元気,-0.04620555291969354
