trainer_id,trainer_name,trainer_added_value
00184,佐々木亜,-0.046330275981060855
00288,福永甲,0.0006034435212551659
01015,田所清広,-0.008151532569979815
00394,中野渡清,-0.02537290909368994
00371,小林常泰,0.0010041847648829126
00426,郷原洋行,-0.012649176309303884
00180,坂口正大,0.00959145466643248
00216,高橋成忠,0.0023008738592608024
00331,吉岡八郎,-0.009718289239409574
00338,野元昭,0.025869984393341882
00203,須貝彦三,-0.000999443285337479
00110,池江泰郎,0.019203547600489698
00297,本郷一彦,0.004223489061735381
00410,秋山雅一,0.0057399389015737445
01004,後藤由之,-0.01849909219083656
00404,河野通文,-0.004168790314999822
00414,中島敏文,-0.009164972285097809
00355,境征勝,-0.04534516072350237
00358,鈴木勝美,-0.01346159901332309
00377,平井雄二,0.0070247018715631
01060,小島貞博,0.018878355875028164
00198,清水利章,-0.027250839845864645
00119,稲葉隆一,-0.054651183520399854
00407,高橋隆,0.0006153832788671021
00244,鶴留明雄,0.0031447099004725055
01034,坂本勝美,-0.03199505884661076
00393,嶋田功,-0.0004886856566367227
01019,保田一隆,-0.00926821735865415
00385,佐藤全弘,-0.017064156887266424
00202,新川恵,-0.022173738841802713
00106,阿部新生,-0.037083701166536386
00430,柴崎勇,-0.02105718891086076
00416,田島良保,-0.012107217875070332
00301,増本豊,-0.0223325995592301
00375,野村彰彦,-0.02565015894902368
00289,藤岡範士,-0.037722504929607485
00368,鹿戸明,-0.033488029084919504
00389,飯田明弘,-0.01811595919558286
00221,武宏平,-0.0043152076750403445
00357,佐山優,-0.023085311942626092
00369,清水出美,-0.022799251330908852
00364,矢野照正,-0.018611877039545862
00347,清水美波,-0.025000835574322807
00345,領家政蔵,-0.024055465293619443
00311,松山康久,-0.028359733014148132
00337,小原伊佐,-0.030614482134527075
00401,嶋田潤,-0.03851358404215936
00131,梅田康雄,-0.041872177872923556
00350,小野幸治,0.0009964323807322329
00346,境直行,-0.031601699932248095
00138,大久保洋,-0.01916305745482327
00398,梅内忍,-0.02775804122843324
00208,鈴木康弘,-0.06167165225155355
00339,畠山重則,-0.027530491101128995
00201,白井寿昭,-0.033382584221159674
00406,柴田政見,-0.024207115450321153
00348,松田博資,-0.06637506752394565
00343,橋口弘次,-0.047486312055236214
00224,武田博,-0.041192440834732315
00413,田中章博,-0.025709024590916955
01122,日吉正和,-0.031740503278983145
00433,成島英春,-0.030753438387963305
00415,菅原泰夫,-0.031303718077320394
00395,長浜博之,-0.06074247126994196
00361,坪憲章,-0.03323158799699847
00390,池上昌弘,-0.05186797411133579
00349,尾形充弘,-0.03833044350474975
00400,柴田光陽,-0.03163387957413713
01013,小島太,-0.04504529769121079
00409,二ノ宮敬,-0.0594985435696811
00379,加藤敬二,-0.031092021627843077
00387,目野哲也,-0.037068323355020937
00370,二本柳俊,-0.018421307427027935
00353,和田正道,-0.042428625104671075
00397,岩元市三,-0.03187324762889097
01025,佐藤正雄,-0.02543173010406092
00396,福島信晴,-0.026100692363351878
00365,崎山博樹,-0.030332883672722813
00402,谷原義明,-0.039815025892975496
00383,伊藤正徳,-0.04098180640428329
00356,坂口正則,-0.05873289510194041
01007,柴田政人,-0.023996933407571103
00261,中村均,-0.0439423793992245
00378,沖芳夫,-0.04134222722376846
00341,栗田博憲,-0.04810266420742652
00419,松元茂樹,-0.05490252378736409
01014,高市圭二,-0.02648642638866429
01006,作田誠二,-0.031078748301449802
00388,山内研二,-0.06278446630189183
01036,高橋義博,-0.02036001730402759
00434,西橋豊治,-0.026262275563531872
01022,石坂正,-0.051555219007459595
01030,星野忍,-0.0347202209944454
01057,湯窪幸雄,-0.04299424313967591
01009,田所秀孝,-0.05158935388917029
01053,角居勝彦,-0.06062013907749615
01011,松田国英,-0.037898154460509745
01016,西浦勝一,-0.037332200243562784
00435,藤原辰雄,-0.03045836235178542
00392,古賀史生,-0.04715310313099214
00386,藤沢和雄,-0.06116038498373183
00436,堀井雅広,-0.04370622357624575
00411,浅見秀一,-0.07184755285355224
00359,高橋祥泰,-0.048540380403588476
00408,田中清隆,-0.05594573664743966
00380,柄崎孝,-0.04781550345035549
01012,大江原哲,-0.040277903806174846
01021,池添兼雄,-0.04343746048358327
00422,五十嵐忠,-0.03887957901603259
00362,橋田満,-0.051587149108470204
01049,南井克巳,-0.05397129008262937
01040,服部利之,-0.03507306218570673
00421,浅野洋一,-0.031251967957909965
01050,飯田雄三,-0.02303792421842075
01005,小桧山悟,-0.03926839585916803
00412,高橋裕,-0.06927373507160912
01010,中野栄治,-0.03947136159279925
00425,加用正,-0.03613784571380103
00438,安田隆行,-0.07338438187412004
01083,松永昌博,-0.05719408210544418
01003,川村禎彦,-0.04355922569279254
01033,木原一良,-0.04108225488380185
00428,石毛善彦,-0.05255500492158987
01046,鮫島一歩,-0.05015802861444212
00420,宗像義忠,-0.05137985251907249
01041,藤沢則雄,-0.03347518149818393
01107,村山明,-0.041440001348422024
01072,河内洋,-0.0615399846270213
01002,音無秀孝,-0.06441183197321501
00405,小西一男,-0.03586298569774259
00417,土田稔,-0.03562526729100936
00429,佐々木晶,-0.05060822906637669
01029,根本康広,-0.032925299269364945
00399,国枝栄,-0.07486906850178013
01028,西園正都,-0.06884782206182245
00437,南田美知,-0.030066761462056307
01017,萩原清,-0.0626182896862377
01027,田村康仁,-0.055346465658934085
01114,和田正一,-0.04186016547976466
01079,古賀慎明,-0.05336272186253458
01131,蛯名利弘,-0.037044955665809204
01189,堀内岳志,-0.06120068474949338
01080,清水英克,-0.0410858464965321
01031,伊藤伸一,-0.04276971692525855
01150,池上昌和,-0.05671048199124728
01043,石栗龍彦,-0.020837262984613872
01163,林徹,-0.05358298408369332
01118,高柳瑞樹,-0.05175041505980694
01179,鈴木慎太,-0.03006982229256296
01119,田中剛,-0.04182632573245843
01182,辻哲英,-0.035629028922729164
01134,高橋文雅,-0.04898297951027077
01173,長谷川浩,-0.05417567777798293
01140,石橋守,-0.05187671250044332
01183,辻野泰之,-0.0593145691111598
01148,西村真幸,-0.055692686411983716
01073,宮本博,-0.05803834485956147
01095,荒川義之,-0.02985324513593665
01128,今野貞一,-0.06220981203783343
01062,藤岡健一,-0.06975970880146357
01200,藤野健太,-0.0463361168712209
01130,吉村圭司,-0.05687096607996097
01032,大根田裕,-0.04531170685383932
01193,緒方努,-0.0446197032566808
01068,小島茂之,-0.06397366276843086
01101,吉田直弘,-0.04843435840815956
01185,小林真也,-0.02397314610800921
01104,笹田和秀,-0.05920678460499499
01142,森田直行,-0.056468358640985886
01116,新開幸一,-0.044914955114219376
01213,秋本大介,0.020918853171162176
01052,菊川正達,-0.03920405798699961
01152,竹内正洋,-0.047413916830285244
01024,萱野浩二,-0.04621720753100331
01089,武市康男,-0.0525912205466655
01219,平岩大典,-0.022689865988219017
01063,的場均,-0.03911420335988846
01115,菊沢隆徳,-0.0528559912899858
01194,小栗実,-0.04799221822426761
01102,大竹正博,-0.05484428826841982
01077,加藤和宏,-0.04228414504294742
01064,武藤善則,-0.047338896040408626
01169,加藤士津,-0.02330047342385719
01208,柄崎将寿,-0.0530476888341517
01109,伊藤大士,-0.05187280632126493
01124,大和田成,-0.056796321888593834
01076,小笠倫弘,-0.03873835130214624
01187,西田雄一,-0.04897154986910228
01141,尾形和幸,-0.045148583590062526
01090,天間昭一,-0.04258054657439373
01190,村田一誠,-0.016890561233523293
01035,佐藤吉勝,-0.03534961761647609
01070,堀宣行,-0.08457906665662968
01088,高木登,-0.04104400510622805
01162,田中博康,-0.04808192250952801
01108,矢野英一,-0.04043884830265388
01207,田中勝春,-0.011239522433884645
01100,松山将樹,-0.035653529506142166
01125,小野次郎,-0.026551940426062716
01201,森一誠,-0.0678013889782627
01054,戸田博文,-0.06247178746884582
01112,田島俊明,-0.05002005232358658
01020,相沢郁,-0.05930540791688624
01221,室井潔,-0.05800042191380683
01171,小手川準,-0.037671936498532434
01127,栗田徹,-0.05200016947227137
01204,浅利英明,-0.05940055556075438
01093,松永康利,-0.02380464293472355
01051,岩戸孝樹,-0.03898521527287219
01059,加藤征弘,-0.08308252981404894
01145,奥村武,-0.06502298892323116
01018,宮徹,-0.04518564689457318
01222,古賀大生,-0.017862627427458404
01008,杉浦宏昭,-0.046902320158292266
01086,斎藤誠,-0.055368265861236964
01220,松尾卓哉,0.006497748575308221
01048,畠山吉宏,-0.04751350647326153
01178,杉山佳明,-0.04054662084859055
01202,矢嶋大樹,-0.08611334465380978
01195,嘉藤貴行,-0.03599336962390386
01047,勢司和浩,-0.03953589459384394
01165,和田勇介,-0.047759356958932124
01094,水野貴広,-0.029866633047304823
01038,手塚貴久,-0.06628211724748477
01081,中川公成,-0.03959623690960889
01156,青木孝文,-0.04385191370733489
01106,牧光二,-0.050365081094727
01174,深山雅史,-0.032612873191857066
01126,木村哲也,-0.06599572188298265
01192,上原佑紀,-0.04604333711573842
01026,鈴木伸尋,-0.055811350080573446
01097,鹿戸雄一,-0.07843488799041365
01191,蛯名正義,-0.07196763269882855
01084,梅田智之,-0.04538062248036896
01144,池添学,-0.06659156158792609
01154,橋口慎介,-0.05531811155343349
01196,西園翔太,-0.018394048054179775
01218,橋田宜長,-0.049887967656885635
01199,千葉直人,-0.022397181885604647
01143,和田雄二,-0.05860612977054308
01074,奥平雅士,-0.05080269043125516
01023,伊藤圭三,-0.043208621012423315
01067,久保田貴,-0.060481567766173035
01056,本間忍,-0.03585309764370718
00427,森秀行,-0.055712866128093466
01133,黒岩陽一,-0.053454671088330415
01167,稲垣幸雄,-0.05273847004486323
01177,伊坂重信,-0.04093866643831044
01217,手塚貴徳,-0.04458204883379006
00423,上原博之,-0.04704286019847825
01065,大橋勇樹,-0.03487676850886415
01123,牧田和弥,-0.04100596621830689
01098,野中賢二,-0.044746164672166515
01135,高橋康之,-0.04056575814046052
01176,吉岡辰弥,-0.027363733046821628
01206,高橋一哉,-0.033343734456893016
01117,高野友和,-0.05517461041987265
01186,中村直也,-0.05457085406781921
01168,上村洋行,-0.0392322205304116
01139,飯田祐史,-0.05118641114134312
01214,井上智史,-0.02793252231812861
01215,加藤公太,-0.035277634152079664
01113,牧浦充徳,-0.05607885850754999
01091,羽月友彦,-0.040152123382188896
01158,寺島良,-0.044350447798726954
01069,中尾秀正,-0.04089501883074982
01110,清水久詞,-0.05632908379152191
01164,安田翔伍,-0.04947723960908563
01198,河嶋宏樹,-0.015432780191067514
01205,佐藤悠太,-0.032425585620431956
01082,平田修,-0.06008247521795332
01181,茶木太樹,-0.06185381514815921
01138,浜田多実,-0.04902092259339658
01085,小崎憲,-0.055855399067514314
01078,北出成人,-0.050583992891551445
01066,岡田稲男,-0.037235513430387675
01188,畑端省吾,-0.03700990166600555
01210,前川恭子,-0.01619384267367558
01170,坂口智康,-0.05248611504353253
01216,柴田卓,0.01829513587804077
01209,東田明士,-0.05856134011409399
01159,高柳大輔,-0.03797844650193537
01044,昆貢,-0.06941924046069939
01137,中内田充,-0.08355853678297491
01096,粕谷昌央,-0.027841032256557405
01184,四位洋文,-0.02642856094956425
01197,小椋研介,-0.02831551702242733
01042,安達昭夫,-0.0383711232427306
01153,中舘英二,-0.020358796743609613
01172,新谷功一,-0.05081104000342093
01211,宮地貴稔,-0.024587879974525648
01129,高橋義忠,-0.04878515696766858
01212,秋山真一,-0.04670640021211443
01136,高橋亮,-0.0358031891549048
01121,角田晃一,-0.050333878919594066
01071,池江泰寿,-0.07672608116476644
01075,矢作芳人,-0.062023972262936065
01099,本田優,-0.057231432311374904
01061,友道康夫,-0.08563933829269903
01151,斉藤崇史,-0.059878306205946474
01132,金成貴史,-0.05224517551226755
01055,藤原英昭,-0.07089666653551754
01103,尾関知人,-0.056084046782640694
01092,松永幹夫,-0.04484295467328247
01157,杉山晴紀,-0.03528854041557921
01087,庄野靖志,-0.05421175271931212
01203,福永祐一,-0.04212200293044345
01175,宮田敬介,-0.04104215044521104
01149,松下武士,-0.04342634049136807
01105,須貝尚介,-0.06947377659751046
01039,中竹和也,-0.06198591288933202
01155,渡辺薫彦,-0.05496105381018879
01058,大久保龍,-0.07721742506097405
01120,千田輝彦,-0.049389465333167314
01147,武井亮,-0.06645481762695121
01160,武幸四郎,-0.04526243308046895
01161,武英智,-0.044088691964418725
01180,田中克典,-0.030097967832781007
01146,奥村豊,-0.04467224718349364
01111,鈴木孝志,-0.046864058336549226
00431,谷潔,-0.03813728221497833
01166,石坂公一,-0.04590874809494118
