race_id,レース,馬番,馬名,人気,単勝,着,市場あり,市場なし,市場の見込み,補正スコア,ピックアップ点,凡走点,ピックアップ,要注意,市場あり_順,市場なし_順,指数・近3走_順,指数・最高_順,市場の見込み_順,前走パフォーマンス_順,能力_順,対戦比較_順
202605040201,東京1R 2歳未勝利,1,オシゴリ,8,255.2,10.0,0.013244742053210716,0.014866396976473751,0.016499806039514262,0.016977468924154044,0.0,1.4,False,False,10.0,12.0,6.0,7.0,10.0,6.0,8.0,6.0
202605040201,東京1R 2歳未勝利,2,セールデュクール,10,257.5,8.0,0.05149905992835031,0.03628652665913025,0.01808808103314517,0.02090501842148781,1.0,1.0,False,False,6.0,10.0,7.0,2.0,8.0,9.0,9.0,8.0
202605040201,東京1R 2歳未勝利,3,ダノンダックス,1,1.1,1.0,0.9568940134058346,0.8653206913406107,0.9545289161025593,0.955254599469318,1.0,0.0,False,False,1.0,1.0,3.0,4.0,1.0,1.0,1.0,1.0
202605040201,東京1R 2歳未勝利,4,コンフィアル,4,17.2,3.0,0.3074855893707809,0.32909485638830266,0.29988076258516333,0.28197844113031595,0.0,2.0,False,False,4.0,5.0,11.0,11.0,4.0,5.0,5.0,7.0
202605040201,東京1R 2歳未勝利,5,バーチディダーマ,7,183.1,9.0,0.0471712451268251,0.11302273650148054,0.029984270741331115,0.03270741956865489,0.0,0.0,False,False,7.0,6.0,5.0,6.0,7.0,11.0,11.0,5.0
202605040201,東京1R 2歳未勝利,6,ユイノヘラクレス,6,132.8,7.0,0.03169014513934481,0.07475994163767503,0.042018565982790045,0.04537205805475792,1.0,1.8,False,False,9.0,7.0,4.0,5.0,6.0,12.0,12.0,4.0
202605040201,東京1R 2歳未勝利,7,ゴクラクチョウカ,12,380.6,12.0,0.006216240368438397,0.03723696857933408,0.008416055603845242,0.00881580974717408,0.0,1.4,False,False,12.0,9.0,12.0,12.0,12.0,8.0,7.0,
202605040201,東京1R 2歳未勝利,8,ブラックナザレ,11,311.1,11.0,0.007998709294035641,0.03728415851377623,0.012627132386569822,0.012687650713495464,0.0,2.0,False,False,11.0,8.0,9.0,9.0,11.0,6.0,6.0,9.0
202605040201,東京1R 2歳未勝利,9,コスモグリュー,9,257.4,5.0,0.03611624560609645,0.02827753181273831,0.01774022324848742,0.01919016102003966,0.0,0.4,False,False,8.0,11.0,8.0,8.0,9.0,10.0,10.0,
202605040201,東京1R 2歳未勝利,10,ミスティビーコン,3,12.7,6.0,0.3249495505873194,0.5279188976200891,0.3693281024594053,0.36682549458787883,0.0,0.4,False,False,3.0,3.0,10.0,10.0,3.0,3.0,3.0,
202605040201,東京1R 2歳未勝利,11,エピックジャーニー,2,5.9,4.0,0.5489949325852755,0.6000477591442936,0.5399286118512441,0.5627124636183637,1.0,0.0,False,False,2.0,2.0,2.0,3.0,2.0,2.0,2.0,2.0
202605040201,東京1R 2歳未勝利,12,イニシャルポイント,5,22.0,2.0,0.20011948817753453,0.33588353482609545,0.2517766355967156,0.2836694307230463,1.4,0.0,True,False,5.0,4.0,1.0,1.0,5.0,4.0,4.0,3.0
202605040202,東京2R 2歳未勝利,1,ヨドノプレミアム,2,5.0,2.0,0.4878257639786972,0.37940676753958585,0.41652941919746783,0.41177659128540983,1.0,2.4,False,False,2.0,2.0,7.0,5.0,2.0,5.0,4.0,2.0
202605040202,東京2R 2歳未勝利,2,クリガーレ,10,31.2,3.0,0.1340133318986299,0.2769974127810317,0.12611577470857993,0.12315450922024866,0.0,1.4,False,False,9.0,5.0,6.0,10.0,10.0,6.0,6.0,8.0
202605040202,東京2R 2歳未勝利,3,ニシノアナベル,12,127.6,8.0,0.02587127897859198,0.055075269154467074,0.02855387940529503,0.02751129182677554,0.0,2.4,False,False,12.0,13.0,12.0,13.0,12.0,16.0,13.0,15.0
202605040202,東京2R 2歳未勝利,4,ウィルレーヴィア,11,71.7,10.0,0.06421983594711088,0.07805583302956087,0.06099824762444174,0.060637836390604626,0.0,1.4,False,False,11.0,11.0,13.0,11.0,11.0,9.0,11.0,10.0
202605040202,東京2R 2歳未勝利,5,セイウンイーリス,4,7.7,12.0,0.23131560710783547,0.2708976251865392,0.3241933815554,0.29633625924832774,0.0,2.8,False,True,5.0,6.0,8.0,8.0,4.0,3.0,2.0,4.0
202605040202,東京2R 2歳未勝利,6,ワイズジュエル,9,25.2,6.0,0.10838098341282099,0.1493202020458729,0.13998125867194244,0.15818933286416592,1.0,0.0,False,False,10.0,9.0,4.0,4.0,9.0,11.0,7.0,11.0
202605040202,東京2R 2歳未勝利,7,コックニー,6,14.2,13.0,0.20381989155427005,0.3099164959534071,0.2172949476356059,0.20986826810131423,0.0,1.4,False,False,6.0,4.0,9.0,9.0,6.0,7.0,9.0,6.0
202605040202,東京2R 2歳未勝利,8,クールボビー,7,16.5,5.0,0.18628500008708035,0.18109554315185364,0.1922559908547728,0.2138869472334274,1.0,0.0,False,False,7.0,8.0,3.0,2.0,7.0,8.0,8.0,9.0
202605040202,東京2R 2歳未勝利,9,ピクシーブラスト,1,2.6,1.0,0.6504302008862415,0.3268556643648947,0.5956281650305396,0.5998424028147327,1.4,2.0,True,False,1.0,3.0,1.0,1.0,1.0,1.0,1.0,3.0
202605040202,東京2R 2歳未勝利,10,エーアイクワイ,5,8.4,7.0,0.29085046259639913,0.4208078672949863,0.30810119717011564,0.32382010726259697,1.0,0.8,False,False,4.0,1.0,5.0,3.0,5.0,2.0,3.0,5.0
202605040202,東京2R 2歳未勝利,11,ビップラージャ,3,7.3,14.0,0.3399573812489435,0.2595057539170178,0.3306003410756112,0.3344651604308585,0.0,0.0,False,False,3.0,7.0,2.0,6.0,3.0,4.0,5.0,1.0
202605040202,東京2R 2歳未勝利,12,アテナプロマコス,13,194.3,15.0,0.017252273984014778,0.055732743658820166,0.01703922867000467,0.017517526209851544,0.0,1.4,False,False,13.0,12.0,16.0,16.0,13.0,15.0,16.0,12.0
202605040202,東京2R 2歳未勝利,13,タワーウマザンマイ,15,298.9,11.0,0.007708922788513558,0.04706448158787595,0.008459640671489523,0.008589856118219363,0.0,2.0,False,False,15.0,14.0,15.0,15.0,15.0,13.0,14.0,16.0
202605040202,東京2R 2歳未勝利,14,クラウンロムパイア,16,463.6,16.0,0.0028910220138922116,0.039782177881363685,0.00398140832683832,0.004484077563775184,0.0,0.4,False,False,16.0,15.0,14.0,14.0,16.0,14.0,15.0,14.0
202605040202,東京2R 2歳未勝利,15,アイビークロノス,14,235.1,9.0,0.01715917611243376,0.02749271852348577,0.01315156940354919,0.01292478243923589,0.0,2.4,False,False,14.0,16.0,11.0,12.0,14.0,10.0,12.0,13.0
202605040202,東京2R 2歳未勝利,16,ディスペアーホープ,8,20.6,4.0,0.16211713175513165,0.12199344392923739,0.1680129659795927,0.16305264380426784,0.0,1.4,False,False,8.0,10.0,10.0,7.0,8.0,12.0,10.0,7.0
202605040203,東京3R 2歳新馬,1,ジーティーカグラ,6,24.7,11.0,0.15643412639498028,0.16910946510848274,0.15454104379892245,0.1602909250116267,0.0,0.0,False,False,6.0,8.0,,,6.0,,,
202605040203,東京3R 2歳新馬,2,コールレスポンス,5,17.7,6.0,0.194613158120034,0.17889074216010536,0.20538210992484074,0.21103863267945458,0.0,0.0,False,False,5.0,7.0,,,5.0,,,
202605040203,東京3R 2歳新馬,3,コールドアズアイス,3,6.6,7.0,0.4064261117024859,0.11687356384102023,0.389907625909376,0.39245233551371644,0.0,0.0,False,False,3.0,14.0,,,3.0,,,
202605040203,東京3R 2歳新馬,4,オーケーグラン,10,44.2,4.0,0.09218014954557825,0.2341163393799428,0.10000605049287056,0.10519297645158873,0.0,0.0,False,False,10.0,3.0,,,10.0,,,
202605040203,東京3R 2歳新馬,5,アルヴィットーリア,14,191.0,13.0,0.018777522349220338,0.15757658711937503,0.018859354312179843,0.02084517577956245,0.0,0.0,False,False,14.0,11.0,,,14.0,,,
202605040203,東京3R 2歳新馬,6,フェデュデスタン,16,364.7,9.0,0.003914613479268469,0.07606810441274454,0.006480326570790931,0.007375892392520759,0.0,0.0,False,False,16.0,16.0,,,16.0,,,
202605040203,東京3R 2歳新馬,7,マックスプロックス,15,214.7,15.0,0.012811453143996614,0.13779490705228897,0.0161237196959934,0.017899758693404183,0.0,0.0,False,False,15.0,13.0,,,15.0,,,
202605040203,東京3R 2歳新馬,8,タイザンフクン,1,2.5,12.0,0.6445301163110534,0.4860785557322201,0.6444328236388025,0.640638355152279,0.0,0.0,False,False,2.0,1.0,,,1.0,,,
202605040203,東京3R 2歳新馬,9,ヴェントセラーレ,4,13.5,1.0,0.2743728016797521,0.1517809142057197,0.23671362290403009,0.2420955559491821,0.0,0.0,False,False,4.0,12.0,,,4.0,,,
202605040203,東京3R 2歳新馬,10,エコロゴッド,8,30.6,3.0,0.13703858368402863,0.16321759321793536,0.13551120799639865,0.14115638087154733,0.0,0.0,False,False,8.0,9.0,,,8.0,,,
202605040203,東京3R 2歳新馬,11,サラサハヤブサ,9,32.6,8.0,0.13052058253199164,0.08188271166281068,0.12568203480672577,0.1312372808219594,0.0,0.0,False,False,9.0,15.0,,,9.0,,,
202605040203,東京3R 2歳新馬,12,ピュアティアラ,11,72.5,5.0,0.0532458225938335,0.18744074362800917,0.06293121765958896,0.06715562522991857,0.0,0.0,False,False,11.0,6.0,,,11.0,,,
202605040203,東京3R 2歳新馬,13,シンボリサーブル,13,108.5,16.0,0.03301297072559939,0.19359908810096277,0.04126196173699985,0.04459239812229534,0.0,0.0,False,False,13.0,5.0,,,12.0,,,
202605040203,東京3R 2歳新馬,14,ワイドヴァラー,2,2.6,10.0,0.6949644030436867,0.3045729871177413,0.6260849145308338,0.6144326286481984,0.0,0.7,False,False,1.0,2.0,,,2.0,,,
202605040203,東京3R 2歳新馬,15,ドーリック,7,25.9,2.0,0.15359408191571136,0.1589297116745125,0.14705821699352797,0.15277726729498134,0.0,0.0,False,False,7.0,10.0,,,7.0,,,
202605040203,東京3R 2歳新馬,16,アストロカノン,12,106.9,14.0,0.03550067074253391,0.20206798558612896,0.04087813371644425,0.04418975986914368,0.0,0.0,False,False,12.0,4.0,,,13.0,,,
202605040204,東京4R 3歳以上障害未勝利,1,ジェロニモス,10,74.6,12.0,,,0.0575187513013191,0.051859844717823234,0.0,3.4,False,False,,,10.0,6.0,10.0,12.0,6.0,10.0
202605040204,東京4R 3歳以上障害未勝利,2,エンジョイドライブ,5,10.0,7.0,,,0.29993295979565326,0.28845966011193647,0.0,1.4,False,False,,,4.0,10.0,5.0,3.0,7.0,3.0
202605040204,東京4R 3歳以上障害未勝利,3,アップストローク,2,3.3,4.0,,,0.5636823717087789,0.5597476187958411,1.0,2.0,False,False,,,3.0,5.0,2.0,2.0,4.0,4.0
202605040204,東京4R 3歳以上障害未勝利,4,ナスノソナタ,9,57.2,13.0,,,0.07530497195541253,0.07091062771409591,0.0,2.4,False,False,,,9.0,11.0,9.0,9.0,12.0,11.0
202605040204,東京4R 3歳以上障害未勝利,5,ヴェストラン,6,12.4,5.0,,,0.2510100105973414,0.23236180316680025,0.0,2.4,False,False,,,12.0,12.0,6.0,10.0,10.0,9.0
202605040204,東京4R 3歳以上障害未勝利,6,アンノウンウォリア,13,201.2,8.0,,,0.01893867385467673,0.017646751356179366,0.0,3.3,False,False,,,6.0,9.0,13.0,11.0,8.0,12.0
202605040204,東京4R 3歳以上障害未勝利,7,コブラ,4,8.0,10.0,,,0.33541930009291443,0.3407112633593899,1.4,2.4,True,False,,,2.0,1.0,4.0,1.0,1.0,1.0
202605040204,東京4R 3歳以上障害未勝利,8,グランナヴィール,1,3.1,2.0,,,0.5803853950361172,0.5462589676820728,0.0,2.4,False,False,,,13.0,14.0,1.0,,,
202605040204,東京4R 3歳以上障害未勝利,9,キャプテンシー,7,34.4,3.0,,,0.11808698805126985,0.12355093406882373,1.0,1.8,False,False,,,5.0,4.0,7.0,6.0,2.0,7.0
202605040204,東京4R 3歳以上障害未勝利,10,ヒロノゴウカイ,12,185.7,14.0,,,0.019922782957679457,0.020875950692104427,1.0,2.8,False,False,,,11.0,3.0,12.0,5.0,11.0,8.0
202605040204,東京4R 3歳以上障害未勝利,11,フラムリンガム,8,44.4,9.0,,,0.09595718185980054,0.10457773263196449,1.4,1.8,True,False,,,1.0,2.0,8.0,7.0,5.0,2.0
202605040204,東京4R 3歳以上障害未勝利,12,ジュリアスローズ,14,252.9,11.0,,,0.012449063051212387,0.01225179136923487,0.0,2.4,False,False,,,14.0,13.0,14.0,13.0,13.0,13.0
202605040204,東京4R 3歳以上障害未勝利,13,タガノバルコス,3,4.3,1.0,,,0.49348675388108726,0.46320867090899825,0.0,2.3,False,False,,,7.0,8.0,3.0,4.0,3.0,6.0
202605040204,東京4R 3歳以上障害未勝利,14,ルクスマーベリック,11,108.1,6.0,,,0.037022134730292866,0.036059115547928185,0.0,2.1,False,False,,,8.0,7.0,11.0,8.0,9.0,5.0
202605040205,東京5R 2歳新馬,1,シダス,5,15.7,8.0,0.2550321024410606,0.27404808956152765,0.2540690379212773,0.2592411136030848,0.0,0.0,False,False,5.0,6.0,,,5.0,,,
202605040205,東京5R 2歳新馬,2,リントヴルム,1,2.0,5.0,0.7234475009628565,0.604224405719663,0.762505938053585,0.7567646601680357,0.0,0.0,False,False,1.0,1.0,,,1.0,,,
202605040205,東京5R 2歳新馬,3,ロジヴィジョン,4,14.3,2.0,0.32389944671262944,0.35330113770463817,0.2673904667397984,0.2723768680953258,0.0,0.0,False,False,4.0,3.0,,,4.0,,,
202605040205,東京5R 2歳新馬,4,サトノラディアント,6,16.1,11.0,0.22201441379258038,0.20771228711323358,0.2476669264453321,0.2529208059876468,0.0,0.0,False,False,6.0,7.0,,,6.0,,,
202605040205,東京5R 2歳新馬,5,シャインシュネル,7,63.1,7.0,0.10129649077928825,0.13434821281659406,0.08142443402479503,0.08620291155124314,0.0,0.0,False,False,7.0,11.0,,,7.0,,,
202605040205,東京5R 2歳新馬,6,シルバータイガー,9,99.0,9.0,0.04124864756224476,0.18258987477599994,0.049959758006801205,0.05368638882837148,0.0,0.0,False,False,9.0,8.0,,,9.0,,,
202605040205,東京5R 2歳新馬,7,シルヴァノーブル,2,3.1,1.0,0.687296317705475,0.37306832565491743,0.626185121181617,0.6145313888463788,0.0,0.7,False,False,2.0,2.0,,,2.0,,,
202605040205,東京5R 2歳新馬,8,スズノハヤブサ,8,68.9,6.0,0.05877093330229139,0.275349094836048,0.07488991692522136,0.07949115452554813,0.0,0.0,False,False,8.0,5.0,,,8.0,,,
202605040205,東京5R 2歳新馬,9,エメラルドプレミア,11,199.9,10.0,0.01351854909774391,0.14167053652494802,0.019707023755239313,0.0217552050028178,0.0,0.0,False,False,11.0,10.0,,,11.0,,,
202605040205,東京5R 2歳新馬,11,ピエナモルタル,10,105.4,4.0,0.03478026582074653,0.1772586490911206,0.04866175518649271,0.052332724407370954,0.0,0.0,False,False,10.0,9.0,,,10.0,,,
202605040205,東京5R 2歳新馬,12,ランパディアス,3,5.0,3.0,0.5088235654575988,0.27642938620130975,0.49136628538908966,0.48259270249130004,0.0,0.7,False,False,3.0,4.0,,,3.0,,,
202605040206,東京6R 2歳新馬,1,サンデー,3,5.3,8.0,0.511263048801637,0.23956411660548668,0.47601977305082016,0.4763952852947584,0.0,0.0,False,False,2.0,4.0,,,3.0,,,
202605040206,東京6R 2歳新馬,2,ゴールドパーティー,12,175.4,11.0,0.022556652600309555,0.17099340424553341,0.0228612118829194,0.025131595672184485,0.0,0.0,False,False,12.0,9.0,,,12.0,,,
202605040206,東京6R 2歳新馬,3,ドンタククイーン,14,301.8,9.0,0.007351067802159424,0.14016902682834922,0.01035656678638191,0.011638670575709194,0.0,0.0,False,False,14.0,13.0,,,14.0,,,
202605040206,東京6R 2歳新馬,4,ヘヴンリーワールド,11,104.1,13.0,0.03588114205026428,0.14072891455810718,0.04673980249410094,0.05032620305522633,0.0,0.0,False,False,11.0,12.0,,,11.0,,,
202605040206,東京6R 2歳新馬,5,ジョーティス,1,1.9,1.0,0.7436185442501586,0.5750361402489232,0.7604671177063427,0.7547466457875684,0.0,0.0,False,False,1.0,1.0,,,1.0,,,
202605040206,東京6R 2歳新馬,6,レンミッキ,9,65.7,5.0,0.08301425933719492,0.19445209497417573,0.07768949590036364,0.08236899566622986,0.0,0.0,False,False,9.0,7.0,,,9.0,,,
202605040206,東京6R 2歳新馬,7,ランプリサージュ,6,32.2,14.0,0.15142714412683503,0.14245088182346705,0.14359606150137894,0.14929640173861683,0.0,0.0,False,False,6.0,11.0,,,6.0,,,
202605040206,東京6R 2歳新馬,8,リリーリリー,10,68.4,6.0,0.05980900758613522,0.2419357731694132,0.0747529069316312,0.07935022239909366,0.0,0.0,False,False,10.0,3.0,,,10.0,,,
202605040206,東京6R 2歳新馬,9,ウィレマイト,7,37.8,7.0,0.11440902911939727,0.14619053789095207,0.12506050001629476,0.13060917480603046,0.0,0.0,False,False,7.0,10.0,,,7.0,,,
202605040206,東京6R 2歳新馬,10,シドニーハーバー,2,4.6,2.0,0.5108547789353057,0.2686459011451977,0.4971171294328898,0.49694237935732255,0.0,0.0,False,False,3.0,2.0,,,2.0,,,
202605040206,東京6R 2歳新馬,11,リプレイハズシ,8,43.9,10.0,0.11346145201091802,0.1157624293820987,0.10774550450846758,0.11306543044765179,0.0,0.0,False,False,8.0,14.0,,,8.0,,,
202605040206,東京6R 2歳新馬,12,ディアム,5,21.4,3.0,0.19843008564635745,0.18425209393562708,0.19297242384974053,0.1986956808532778,0.0,0.0,False,False,5.0,8.0,,,5.0,,,
202605040206,東京6R 2歳新馬,13,ニシノメガミサマ,13,182.8,12.0,0.020454029141302937,0.20186466908057718,0.022545148762413366,0.024793928189076393,0.0,0.0,False,False,13.0,6.0,,,13.0,,,
202605040206,東京6R 2歳新馬,14,ルージュクエーサー,4,6.7,4.0,0.47519512024977784,0.2379540161120918,0.40535482205251794,0.40752641770513154,0.0,0.0,False,False,4.0,5.0,,,4.0,,,
202605040207,東京7R 3歳以上1勝クラス,1,シュガーハイ,14,145.7,13.0,0.01779542522195345,0.1236996594445789,0.02190885510651691,0.021700126953264627,0.0,2.0,False,False,15.0,8.0,16.0,13.0,14.0,15.0,8.0,13.0
202605040207,東京7R 3歳以上1勝クラス,2,フクシマブリルハム,9,21.3,5.0,0.13398235068220937,0.09661175633000918,0.1412522624708352,0.13972627354763756,0.0,1.1,False,False,10.0,13.0,7.0,15.0,9.0,13.0,10.0,3.0
202605040207,東京7R 3歳以上1勝クラス,3,パータリプトラ,12,28.1,4.0,0.1212764731723748,0.11141056014188046,0.11548640163856001,0.10235051238984501,0.0,3.5,False,False,12.0,11.0,11.0,8.0,12.0,11.0,5.0,14.0
202605040207,東京7R 3歳以上1勝クラス,4,シンガソング,16,365.5,14.0,0.0036093463737411117,0.04139415656478654,0.005436369889949928,0.005130958569376458,0.0,3.6,False,False,16.0,16.0,14.0,10.0,16.0,8.0,15.0,15.0
202605040207,東京7R 3歳以上1勝クラス,5,セブンメデュラス,2,5.1,9.0,0.45032997599785435,0.49407007775227096,0.37050736369303133,0.3354833357682371,0.4,3.9,False,True,1.0,1.0,1.0,6.0,2.0,5.0,2.0,1.0
202605040207,東京7R 3歳以上1勝クラス,6,タイセイモノリス,11,26.3,6.0,0.12449494284869465,0.11471029511453844,0.12200467718588384,0.11461816567163498,0.0,2.3,False,False,11.0,9.0,10.0,12.0,11.0,16.0,13.0,12.0
202605040207,東京7R 3歳以上1勝クラス,7,イサチルシーキング,4,8.3,10.0,0.28359705874579993,0.15239822313589688,0.26456319699407504,0.24903209601993972,1.0,3.9,False,True,6.0,7.0,8.0,1.0,5.0,9.0,7.0,16.0
202605040207,東京7R 3歳以上1勝クラス,8,アバレリュウ,6,9.4,1.0,0.32249509440933405,0.3729564488674857,0.25633662296673015,0.2569229440576894,0.0,0.4,False,False,5.0,3.0,6.0,9.0,6.0,7.0,4.0,5.0
202605040207,東京7R 3歳以上1勝クラス,9,サルファー,10,21.8,12.0,0.14842220122541294,0.19545980785914846,0.13380197225415313,0.11744564279488519,0.0,3.7,False,False,9.0,5.0,15.0,14.0,10.0,2.0,6.0,11.0
202605040207,東京7R 3歳以上1勝クラス,10,ヘルヴェティオス,3,6.6,3.0,0.37603322008275974,0.4327377090619344,0.3240786046604068,0.3146494537787813,0.4,1.9,False,False,2.0,2.0,3.0,7.0,3.0,6.0,1.0,2.0
202605040207,東京7R 3歳以上1勝クラス,11,レピュニット,1,4.6,8.0,0.37363434215188873,0.33563993983146395,0.3933783036874972,0.38861702385436653,0.4,1.3,False,False,3.0,4.0,5.0,11.0,1.0,3.0,3.0,8.0
202605040207,東京7R 3歳以上1勝クラス,12,ソードマスター,13,42.0,15.0,0.07877391689107721,0.05803914920503323,0.08187071317287191,0.0776747820462431,1.0,4.1,False,False,13.0,15.0,13.0,3.0,13.0,14.0,9.0,6.0
202605040207,東京7R 3歳以上1勝クラス,13,ペロ,5,8.4,2.0,0.3545625168282568,0.18347002024995793,0.2825560651935998,0.31580946449094605,1.4,0.0,True,False,4.0,6.0,2.0,4.0,4.0,1.0,14.0,4.0
202605040207,東京7R 3歳以上1勝クラス,14,リドルトリガー,7,11.5,11.0,0.26076259716371697,0.07301968473201859,0.2121277714353169,0.20660665511068804,1.0,3.1,False,False,7.0,14.0,9.0,5.0,7.0,4.0,16.0,10.0
202605040207,東京7R 3歳以上1勝クラス,15,ブリックンクリック,8,18.8,16.0,0.1696498429200251,0.11452257951646366,0.1554479827828564,0.18035842117876266,1.4,0.0,True,False,8.0,10.0,4.0,2.0,8.0,12.0,11.0,7.0
202605040207,東京7R 3歳以上1勝クラス,16,ヴァルボナ,15,161.9,7.0,0.021286712016373825,0.09985993219253274,0.019212913696052346,0.017563490290321917,0.0,3.6,False,False,14.0,12.0,12.0,16.0,15.0,10.0,12.0,9.0
202605040208,東京8R 3歳以上1勝クラス,1,ルージュリリック,4,11.4,13.0,0.2669117904917787,0.22189667965806906,0.2828307465804872,0.2568961038349097,0.4,3.6,False,True,4.0,8.0,6.0,10.0,4.0,11.0,4.0,6.0
202605040208,東京8R 3歳以上1勝クラス,2,ディヒターリーベ,6,23.9,10.0,0.2078190187001519,0.25178345654319,0.16878053356427394,0.17213441259674978,0.4,1.0,False,False,5.0,6.0,9.0,9.0,6.0,7.0,3.0,3.0
202605040208,東京8R 3歳以上1勝クラス,3,ティラーノ,13,172.4,3.0,0.030253584505731446,0.052899309053450166,0.022527852494176118,0.025125137139492482,0.4,0.4,False,False,12.0,13.0,7.0,8.0,13.0,10.0,11.0,13.0
202605040208,東京8R 3歳以上1勝クラス,4,フレンドモナコ,16,524.8,11.0,0.003158856826469446,0.012494054582242623,0.0033492214317118827,0.003594741516710903,0.0,1.4,False,False,17.0,17.0,12.0,12.0,16.0,15.0,16.0,12.0
202605040208,東京8R 3歳以上1勝クラス,5,テンレディーゴー,8,47.7,9.0,0.08159462402674342,0.2851549194066731,0.09661320328297283,0.10952214848871046,1.4,1.0,True,False,8.0,3.0,1.0,3.0,8.0,3.0,13.0,9.0
202605040208,東京8R 3歳以上1勝クラス,6,デリュージョン,11,94.9,12.0,0.05022147602408772,0.07256295050061298,0.04961306532800047,0.05596912423699276,1.4,1.6,True,False,9.0,12.0,10.0,2.0,11.0,13.0,8.0,14.0
202605040208,東京8R 3歳以上1勝クラス,7,ディバインウインド,2,3.2,2.0,0.7404950901511168,0.27436731195757624,0.5868205917262793,0.5965058198857551,1.4,1.6,True,False,1.0,5.0,2.0,1.0,2.0,1.0,1.0,1.0
202605040208,東京8R 3歳以上1勝クラス,8,フリーヤ,7,37.9,1.0,0.11192132609699043,0.3766985041491183,0.1199154309823158,0.12699057111464032,0.4,0.4,False,False,7.0,2.0,8.0,11.0,7.0,6.0,6.0,7.0
202605040208,東京8R 3歳以上1勝クラス,9,モントゥリエ,3,8.7,6.0,0.3099066661761647,0.27715397193620617,0.3368269564181737,0.32356173390152365,0.0,1.4,False,False,3.0,4.0,14.0,16.0,3.0,8.0,9.0,5.0
202605040208,東京8R 3歳以上1勝クラス,10,ウインファヴォリ,10,92.9,7.0,0.0396922862004666,0.1741878915989718,0.05078938266150699,0.048620612221866456,0.0,2.3,False,False,11.0,9.0,15.0,17.0,10.0,9.0,10.0,11.0
202605040208,東京8R 3歳以上1勝クラス,11,ヤエギリ,5,12.6,5.0,0.18858844899662153,0.2250069040253191,0.261167302245738,0.24717001674047992,0.4,2.6,False,True,6.0,7.0,3.0,6.0,5.0,4.0,5.0,4.0
202605040208,東京8R 3歳以上1勝クラス,12,ソラネルマン,1,1.9,4.0,0.697622602576868,0.3864932843708024,0.7439398487804267,0.7420577605858348,1.4,2.2,True,False,2.0,1.0,4.0,4.0,1.0,2.0,2.0,2.0
202605040208,東京8R 3歳以上1勝クラス,13,ハルノアメ,14,409.1,17.0,0.004447785392560823,0.04653475850958457,0.005859828342371892,0.006197248632303529,0.0,1.4,False,False,14.0,14.0,16.0,15.0,14.0,12.0,12.0,10.0
202605040208,東京8R 3歳以上1勝クラス,14,ガールネクストドア,17,572.9,16.0,0.003759297841234249,0.024938331734162638,0.002903441830297062,0.0030829593979508924,0.4,2.4,False,False,16.0,15.0,11.0,7.0,17.0,16.0,17.0,16.0
202605040208,東京8R 3歳以上1勝クラス,15,ショウナンダイン,9,80.3,8.0,0.04596780359460759,0.1738475664606532,0.061406022027601447,0.06646336962425135,0.4,0.4,False,False,10.0,10.0,5.0,13.0,9.0,5.0,7.0,8.0
202605040208,東京8R 3歳以上1勝クラス,16,オメガディコン,12,123.2,14.0,0.028217812821858212,0.1294337100359868,0.03641554150799661,0.03514447506774727,0.0,2.3,False,False,13.0,11.0,13.0,14.0,12.0,14.0,14.0,17.0
202605040208,東京8R 3歳以上1勝クラス,17,エナジーショット,15,475.7,15.0,0.003881576217832167,0.014546395477381187,0.004034735203549065,0.004712093703689581,1.0,1.6,False,False,15.0,16.0,17.0,5.0,15.0,17.0,15.0,15.0
202605040209,東京9R tvk賞,1,ララバニュルス,6,15.5,9.0,0.22498649280890579,0.3567651327441234,0.2080473307792375,0.23731672242906704,1.4,0.0,True,False,6.0,1.0,5.0,5.0,6.0,6.0,6.0,7.0
202605040209,東京9R tvk賞,2,レイユール,8,29.3,4.0,0.11676459653984857,0.1732096648291489,0.13220328483578875,0.13953804459248084,0.4,0.4,False,False,8.0,8.0,6.0,9.0,8.0,5.0,11.0,12.0
202605040209,東京9R tvk賞,3,イヌボウノウタゴエ,3,6.1,10.0,0.4105712914130379,0.35313496200534583,0.38751717034918165,0.38448872602984646,0.0,0.4,False,False,3.0,2.0,13.0,11.0,3.0,1.0,1.0,6.0
202605040209,東京9R tvk賞,4,ルージュブリッツ,13,71.2,15.0,0.04983589293319794,0.14285922392557837,0.057907309163337285,0.05190260681039747,0.0,3.5,False,False,12.0,9.0,15.0,15.0,13.0,13.0,10.0,14.0
202605040209,東京9R tvk賞,5,サーナーティオン,9,29.7,11.0,0.1107260256714023,0.26028412054500083,0.1297018866760935,0.12585073444504855,0.4,2.3,False,False,9.0,7.0,4.0,10.0,9.0,12.0,5.0,5.0
202605040209,東京9R tvk賞,6,エイヨーアメジスト,14,110.3,14.0,0.040707811904754906,0.06547118879130089,0.038398303245913666,0.0374902865536214,0.0,2.0,False,False,14.0,14.0,12.0,12.0,14.0,14.0,14.0,15.0
202605040209,東京9R tvk賞,7,セルズパワー,7,20.9,12.0,0.1493121055137763,0.1392964098039797,0.16917536933286853,0.18051752178254246,0.4,0.0,False,False,7.0,10.0,7.0,6.0,7.0,4.0,12.0,10.0
202605040209,東京9R tvk賞,8,メイケイバートン,10,50.7,5.0,0.08155514902616681,0.07849340982397518,0.08092774521685535,0.07939239342617702,0.4,2.3,False,False,10.0,12.0,10.0,8.0,10.0,10.0,8.0,9.0
202605040209,東京9R tvk賞,9,フェルミアーク,1,3.1,8.0,0.4905704922949628,0.3410728187490859,0.5593615190366344,0.5491864375454498,1.4,3.2,True,True,2.0,3.0,9.0,4.0,2.0,7.0,4.0,4.0
202605040209,東京9R tvk賞,10,スペルーチェ,2,3.1,3.0,0.685001667113137,0.28151354109145066,0.5662916311622359,0.5360044909215136,0.4,2.9,False,True,1.0,5.0,3.0,7.0,1.0,9.0,3.0,1.0
202605040209,東京9R tvk賞,11,ウフドゥウフ,4,8.0,1.0,0.3271356537177251,0.308250702729247,0.3173516805578747,0.34375658773351553,1.4,0.7,True,False,4.0,4.0,2.0,1.0,4.0,2.0,7.0,3.0
202605040209,東京9R tvk賞,12,ハルオーブ,15,205.6,13.0,0.014912764661664366,0.04372374717809175,0.016074458070629433,0.016551289843840626,0.0,1.4,False,False,15.0,15.0,14.0,13.0,15.0,15.0,13.0,13.0
202605040209,東京9R tvk賞,13,ハクサンイーグル,12,66.8,6.0,0.04869798983236999,0.07010209339516547,0.06050007066514436,0.052142433897152014,0.0,4.3,False,False,13.0,13.0,11.0,14.0,12.0,11.0,9.0,11.0
202605040209,東京9R tvk賞,14,カガラプンツェル,11,56.0,7.0,0.06880919026855899,0.12421503399386911,0.07651558498922169,0.08752835877824082,1.4,1.0,True,False,11.0,11.0,8.0,3.0,11.0,8.0,15.0,8.0
202605040209,東京9R tvk賞,15,ラパンチュール,5,14.4,2.0,0.233676473537692,0.26160795039463697,0.22184856381662374,0.2520379487412497,1.4,0.0,True,False,5.0,6.0,1.0,2.0,5.0,3.0,2.0,2.0
202605040210,東京10R 赤富士S,1,ターコイズフリンジ,9,32.5,11.0,0.11687483432241215,0.17986185576140193,0.1237278115222729,0.1162079224824442,0.0,2.3,False,False,9.0,8.0,16.0,12.0,9.0,15.0,2.0,13.0
202605040210,東京10R 赤富士S,2,リネアグローリア,14,157.6,10.0,0.025420538321003727,0.0620120362543765,0.025877799738283313,0.025779143393845398,0.0,1.8,False,False,14.0,16.0,13.0,6.0,14.0,13.0,9.0,12.0
202605040210,東京10R 赤富士S,3,ブレトワルダ,5,12.8,6.0,0.27020383894868466,0.3528086276952265,0.25289350047318987,0.27714521397971237,1.0,0.0,False,False,5.0,2.0,6.0,5.0,5.0,3.0,4.0,7.0
202605040210,東京10R 赤富士S,4,アラレタバシル,4,10.7,9.0,0.34523147683778505,0.24609591782500567,0.2826442752724357,0.3077256645930581,1.0,0.0,False,False,4.0,5.0,7.0,3.0,4.0,3.0,5.0,4.0
202605040210,東京10R 赤富士S,5,オンザムービー,1,1.9,2.0,0.7930801777509168,0.45066643130159745,0.7170664253243395,0.7076583706365228,0.4,1.1,False,False,1.0,1.0,3.0,10.0,1.0,2.0,10.0,1.0
202605040210,東京10R 赤富士S,6,クールブロン,8,31.5,1.0,0.1073535763594566,0.080432509209773,0.1293070052038146,0.1514948313032301,1.4,0.0,True,False,10.0,14.0,1.0,2.0,8.0,11.0,12.0,6.0
202605040210,東京10R 赤富士S,7,チュウワチーフ,12,74.0,15.0,0.06102888043094268,0.22263849865637747,0.06084432464713961,0.056537791961819406,0.0,2.8,False,False,12.0,6.0,8.0,13.0,12.0,7.0,8.0,11.0
202605040210,東京10R 赤富士S,8,ルグランヴァン,2,6.0,3.0,0.4450327774703156,0.19111155610808175,0.39755360262653766,0.43280399807821157,1.4,0.0,True,False,2.0,7.0,2.0,4.0,2.0,10.0,1.0,3.0
202605040210,東京10R 赤富士S,9,ブロッケンボウ,16,312.5,14.0,0.013814828628713402,0.07657217187779615,0.008786603700227439,0.008562429773042784,0.0,2.8,False,False,16.0,15.0,15.0,16.0,16.0,16.0,16.0,16.0
202605040210,東京10R 赤富士S,10,トクシーカイザー,3,6.4,12.0,0.36178314952263646,0.25207427219088246,0.3944630123939842,0.3984600247815849,1.4,2.4,True,False,3.0,4.0,4.0,1.0,3.0,1.0,3.0,2.0
202605040210,東京10R 赤富士S,11,チギリ,13,75.5,13.0,0.05448730238832954,0.1714093191588428,0.05878130715902446,0.056077550900111864,0.0,2.3,False,False,13.0,9.0,12.0,15.0,13.0,14.0,14.0,15.0
202605040210,東京10R 赤富士S,12,ジョディーズマロン,10,38.8,5.0,0.12976303506072445,0.08485867419071065,0.11395277048273367,0.11236023991707529,0.0,1.3,False,False,8.0,12.0,10.0,8.0,10.0,8.0,6.0,5.0
202605040210,東京10R 赤富士S,13,スニーカースキル,6,15.1,16.0,0.2319129365251131,0.11775743761346487,0.2232167284994729,0.2102525837642106,0.0,2.0,False,False,6.0,11.0,9.0,11.0,6.0,12.0,11.0,8.0
202605040210,東京10R 赤富士S,14,エイブラムス,15,188.9,4.0,0.022700104674469864,0.082483539465532,0.02012972662883567,0.019981770864555236,0.0,2.0,False,False,15.0,13.0,11.0,14.0,15.0,9.0,15.0,14.0
202605040210,東京10R 赤富士S,15,サトミノエンジェル,7,26.2,7.0,0.19428973598067004,0.2768889989947947,0.15042262248404117,0.1416550863034483,0.4,2.9,False,False,7.0,3.0,5.0,7.0,7.0,6.0,13.0,9.0
202605040210,東京10R 赤富士S,16,トウカイポワール,11,47.3,8.0,0.1061478718927562,0.15232815369613603,0.08917905421306314,0.0850415601248457,0.0,2.1,False,False,11.0,10.0,14.0,9.0,11.0,5.0,7.0,10.0
202605040211,東京11R 毎日王冠,1,セイウンハーデス,5,11.2,1.0,0.23701048484092466,0.17528178618215245,0.24088606267269552,0.2399725658846561,1.4,3.2,True,True,5.0,7.0,1.0,3.0,5.0,1.0,5.0,4.0
202605040211,東京11R 毎日王冠,2,リアライズシリウス,1,2.9,7.0,0.5798204633706701,0.33742796825988514,0.558793842245858,0.518520462638156,0.4,3.6,False,True,1.0,3.0,2.0,11.0,1.0,6.0,2.0,3.0
202605040211,東京11R 毎日王冠,3,レディネス,7,19.6,3.0,0.17162066250429367,0.16527454909269082,0.16227974898072398,0.17006755548143734,0.4,0.4,False,False,7.0,10.0,3.0,16.0,7.0,3.0,14.0,14.0
202605040211,東京11R 毎日王冠,4,サトノシャイニング,3,5.5,6.0,0.46446979952693507,0.3798042462772354,0.3903514297090482,0.3837254021142739,0.4,1.4,False,False,3.0,2.0,6.0,9.0,3.0,5.0,1.0,1.0
202605040211,東京11R 毎日王冠,5,クルゼイロドスル,15,225.9,12.0,0.029266676655877684,0.05099576315267335,0.013544630174798396,0.015783999116689495,1.0,1.0,False,False,15.0,14.0,14.0,4.0,15.0,10.0,13.0,11.0
202605040211,東京11R 毎日王冠,6,ライヒスアドラー,2,3.8,5.0,0.547836754459826,0.4130028012162878,0.4858324498727737,0.4895436532367356,0.4,0.4,False,False,2.0,1.0,4.0,14.0,2.0,4.0,4.0,2.0
202605040211,東京11R 毎日王冠,7,ロングラン,17,397.2,14.0,0.004324141512166538,0.017205263623883416,0.005144649494914196,0.00506239491628217,0.0,2.9,False,False,17.0,17.0,13.0,7.0,17.0,17.0,15.0,16.0
202605040211,東京11R 毎日王冠,8,ビーアストニッシド,16,383.3,15.0,0.006512125249948562,0.021923893403722472,0.005675967860781336,0.00714129600095947,1.0,0.0,False,False,16.0,16.0,16.0,2.0,16.0,16.0,17.0,17.0
202605040211,東京11R 毎日王冠,9,ドラゴンブースト,8,26.1,11.0,0.1163476177895115,0.11618815833305887,0.13374878775177326,0.1357846624771083,0.4,1.3,False,False,9.0,12.0,5.0,10.0,8.0,8.0,11.0,6.0
202605040211,東京11R 毎日王冠,10,エルトンバローズ,10,34.9,9.0,0.11034981842293069,0.16563087066869547,0.10833196885942127,0.10983338870912193,0.4,1.4,False,False,10.0,9.0,7.0,8.0,10.0,9.0,8.0,7.0
202605040211,東京11R 毎日王冠,11,ランスオブカオス,13,71.2,16.0,0.05110530992208799,0.11696989564947098,0.055766557333899784,0.05394735662812945,0.0,2.0,False,False,13.0,11.0,17.0,12.0,13.0,15.0,7.0,13.0
202605040211,東京11R 毎日王冠,12,レガーロデルシエロ,11,42.6,10.0,0.08888684199853014,0.27694637064323707,0.09289918363342041,0.10688482850990404,1.0,0.0,False,False,11.0,4.0,12.0,5.0,11.0,14.0,10.0,10.0
202605040211,東京11R 毎日王冠,13,ホウオウビスケッツ,9,29.9,2.0,0.11844682867493919,0.060878857569931465,0.12106540876110726,0.12357260268785301,1.0,2.4,False,False,8.0,13.0,15.0,1.0,9.0,12.0,9.0,9.0
202605040211,東京11R 毎日王冠,14,レイニング,6,15.0,4.0,0.1827249627528557,0.24852904759071973,0.19817136919257894,0.1976816378127286,0.4,1.4,False,False,6.0,6.0,9.0,15.0,6.0,11.0,16.0,15.0
202605040211,東京11R 毎日王冠,15,シャンパンカラー,14,138.8,13.0,0.030182463655459357,0.02939562971737648,0.026076466703628193,0.027730230739168325,0.4,1.3,False,False,14.0,15.0,11.0,13.0,14.0,13.0,12.0,12.0
202605040211,東京11R 毎日王冠,16,アドマイヤクワッズ,4,10.6,17.0,0.27926279211777266,0.251412563523064,0.2536873852510505,0.2432174366649405,0.4,2.3,False,False,4.0,5.0,8.0,17.0,4.0,2.0,3.0,5.0
202605040211,東京11R 毎日王冠,17,ダノンエアズロック,12,47.1,8.0,0.08663441982500157,0.17313233509591522,0.07945293438360639,0.07717246531009303,0.4,2.5,False,False,12.0,8.0,10.0,6.0,12.0,7.0,6.0,8.0
202605040212,東京12R 3歳以上2勝クラス,1,ジオパーククラウン,16,203.9,16.0,0.041534932639230866,0.014764286780732636,0.01781342352986579,0.017369866423630063,0.0,2.4,False,False,15.0,16.0,16.0,15.0,16.0,15.0,16.0,15.0
202605040212,東京12R 3歳以上2勝クラス,2,グレイスザクラウン,15,194.4,13.0,0.01993237453657432,0.06640937292037602,0.020563742266084904,0.022011946357606237,0.4,1.3,False,False,16.0,15.0,10.0,7.0,15.0,14.0,14.0,14.0
202605040212,東京12R 3歳以上2勝クラス,3,ナイトスラッガー,6,24.2,8.0,0.20185315136486048,0.24245199141457224,0.16724846078138436,0.19326114194754868,1.4,0.0,True,False,6.0,5.0,8.0,2.0,6.0,8.0,5.0,8.0
202605040212,東京12R 3歳以上2勝クラス,4,レッドベルダンス,8,30.1,12.0,0.14325694290389487,0.3195893343136591,0.14299221289560513,0.14951596826807895,1.4,2.4,True,False,7.0,2.0,2.0,4.0,8.0,7.0,10.0,10.0
202605040212,東京12R 3歳以上2勝クラス,5,カゼノタカトシ,11,46.7,5.0,0.10723355230369302,0.26467559715342104,0.09934071360182042,0.100960399677442,0.4,1.4,False,False,9.0,4.0,1.0,9.0,10.0,4.0,6.0,6.0
202605040212,東京12R 3歳以上2勝クラス,6,タマモカンパネラ,14,81.8,6.0,0.06701789248647025,0.14833241138524414,0.05936168273765061,0.057338748229883295,0.0,2.0,False,False,13.0,11.0,15.0,12.0,14.0,12.0,12.0,16.0
202605040212,東京12R 3歳以上2勝クラス,7,ザーフィル,1,2.0,1.0,0.6649736038046281,0.42117939432537876,0.7159826771130121,0.6972353489104999,0.4,2.0,False,False,2.0,1.0,3.0,10.0,1.0,1.0,1.0,1.0
202605040212,東京12R 3歳以上2勝クラス,8,ミクストベリーズ,13,80.1,10.0,0.07872826880269168,0.14588347098808063,0.0605760036671589,0.06022885224701234,0.0,1.4,False,False,12.0,12.0,14.0,16.0,12.0,11.0,8.0,12.0
202605040212,東京12R 3歳以上2勝クラス,9,ライジンマル,12,75.2,15.0,0.06699141337229461,0.18023602082711251,0.06035412270619054,0.0701820017846413,1.4,0.8,True,False,14.0,7.0,6.0,5.0,13.0,10.0,11.0,11.0
202605040212,東京12R 3歳以上2勝クラス,10,パイシャオピン,4,13.2,3.0,0.26660154368165084,0.15085105407801455,0.25556070516854273,0.28764158588017535,1.4,0.0,True,False,4.0,10.0,7.0,3.0,3.0,16.0,2.0,4.0
202605040212,東京12R 3歳以上2勝クラス,11,サンカルミア,7,27.5,4.0,0.11403167712674167,0.21773052954457037,0.15384321719875924,0.14874004461207757,0.4,2.3,False,False,8.0,6.0,4.0,8.0,7.0,6.0,9.0,5.0
202605040212,東京12R 3歳以上2勝クラス,12,カロローザ,10,45.7,14.0,0.09128356777259931,0.11027849763702101,0.09626487722562851,0.09282669167395727,0.0,1.8,False,False,11.0,14.0,13.0,6.0,11.0,13.0,15.0,13.0
202605040212,東京12R 3歳以上2勝クラス,13,ロケットパンチ,3,12.9,7.0,0.23137838199125696,0.13146074870680236,0.24841205284142598,0.2394184341828257,0.0,1.4,False,False,5.0,13.0,12.0,11.0,5.0,2.0,13.0,3.0
202605040212,東京12R 3歳以上2勝クラス,14,ライフゲート,5,13.2,9.0,0.2960926176290589,0.2663291929350048,0.2484473813651005,0.2801697417115671,1.4,0.0,True,False,3.0,3.0,5.0,1.0,4.0,3.0,4.0,7.0
202605040212,東京12R 3歳以上2勝クラス,15,ノアヴィヴァーチェ,9,44.6,11.0,0.09425643710450886,0.1620904875102458,0.10045565032713173,0.09530947653396128,0.4,2.9,False,False,10.0,8.0,9.0,13.0,9.0,5.0,7.0,9.0
202605040212,東京12R 3歳以上2勝クラス,16,ファイアマン,2,3.2,2.0,0.6795838591696179,0.15773760947976398,0.5719580380864484,0.5422967859537834,0.0,2.1,False,False,1.0,9.0,11.0,14.0,2.0,9.0,3.0,2.0
202608040201,京都1R 2歳未勝利,1,マーズエクレール,1,1.8,1.0,0.8232541398621942,0.7552922045113936,0.8248674566409336,0.8278566566942159,1.0,0.7,False,False,1.0,1.0,3.0,1.0,1.0,2.0,3.0,3.0
202608040201,京都1R 2歳未勝利,2,ベンゲル,7,114.1,7.0,0.04723449746323853,0.03280591064025259,0.05137569661247784,0.05129958122651173,0.0,1.4,False,False,7.0,8.0,7.0,7.0,7.0,7.0,6.0,7.0
202608040201,京都1R 2歳未勝利,3,プリメラエストレラ,6,18.8,3.0,0.2106882317050187,0.4393438278009694,0.27345585401412986,0.28104616633375024,1.0,1.6,False,False,6.0,4.0,2.0,4.0,6.0,5.0,5.0,2.0
202608040201,京都1R 2歳未勝利,4,マーノマエストロ,2,2.4,4.0,0.7264341968178214,0.7082969869359397,0.8190565104763364,0.8327102129992391,1.4,0.0,True,False,2.0,2.0,1.0,2.0,2.0,1.0,1.0,1.0
202608040201,京都1R 2歳未勝利,5,ロードフェルム,5,15.9,6.0,0.31201591719878413,0.1151461150132492,0.3018345262277087,0.3062474113573902,1.0,1.8,False,False,4.0,6.0,5.0,5.0,5.0,8.0,8.0,4.0
202608040201,京都1R 2歳未勝利,6,タガノフリアン,3,10.0,8.0,0.3509329583611394,0.5338677817045793,0.40430424873497584,0.39386275195311254,0.0,1.0,False,False,3.0,3.0,6.0,6.0,3.0,3.0,2.0,
202608040201,京都1R 2歳未勝利,7,ボードゥロレーヌ,8,129.4,5.0,0.032287136348687184,0.05090143700931369,0.045681690239810155,0.04384265497227853,0.0,2.3,False,False,8.0,7.0,8.0,8.0,8.0,4.0,4.0,5.0
202608040201,京都1R 2歳未勝利,8,ジュンヴァグネル,4,14.6,2.0,0.274828742999849,0.36434573638430223,0.32133939421890706,0.34710016594948834,1.0,0.0,False,False,5.0,5.0,4.0,3.0,4.0,6.0,7.0,6.0
202608040202,京都2R 2歳未勝利,1,レインボースター,5,35.2,7.0,0.12941646320481526,0.1057782687520755,0.1545136451278952,0.16747291959623933,1.0,0.8,False,False,5.0,8.0,3.0,3.0,5.0,6.0,5.0,7.0
202608040202,京都2R 2歳未勝利,2,アイルエクラ,9,298.7,9.0,0.007094021759657804,0.08427832025014499,0.012119814412786693,0.012030553103236977,0.0,2.3,False,False,9.0,9.0,8.0,7.0,9.0,9.0,9.0,8.0
202608040202,京都2R 2歳未勝利,3,ブロッサムスピア,1,2.1,2.0,0.7238911541017353,0.8177414071546855,0.8001642050342248,0.8154036747471589,1.4,0.0,True,False,2.0,1.0,1.0,2.0,1.0,1.0,1.0,1.0
202608040202,京都2R 2歳未勝利,4,キシゲヒーロー,4,16.9,3.0,0.2702705180540225,0.4623650023110343,0.29160478150320696,0.2962047939726268,0.0,0.0,False,False,4.0,3.0,6.0,6.0,4.0,3.0,3.0,4.0
202608040202,京都2R 2歳未勝利,5,テムスピード,6,40.7,8.0,0.10299119626213035,0.17208518612024423,0.1423008970996749,0.1606869288955633,1.0,0.0,False,False,7.0,6.0,4.0,4.0,6.0,7.0,7.0,
202608040202,京都2R 2歳未勝利,6,ジョン,8,132.0,4.0,0.031529580508526944,0.19810064757473056,0.04023404791398499,0.03873417922606377,0.0,2.3,False,False,8.0,5.0,7.0,8.0,8.0,8.0,8.0,6.0
202608040202,京都2R 2歳未勝利,7,ジャンゴッド,3,3.9,5.0,0.5939063500038847,0.34695947209589345,0.627323862258462,0.6289046569767215,1.0,1.4,False,False,3.0,4.0,5.0,5.0,3.0,4.0,4.0,3.0
202608040202,京都2R 2歳未勝利,8,レイクイーン,2,2.6,1.0,0.7242182272044193,0.6746185464411059,0.7550808162657958,0.7672433595949654,1.0,0.0,False,False,1.0,2.0,2.0,1.0,2.0,2.0,2.0,2.0
202608040202,京都2R 2歳未勝利,9,ラッキーハナコ,7,56.5,6.0,0.10324419001207485,0.1380731493000854,0.10593876967555013,0.09740721572216715,0.0,2.8,False,False,6.0,7.0,9.0,9.0,7.0,5.0,6.0,5.0
202608040203,京都3R 2歳新馬,1,ミホマル,2,4.3,1.0,0.47528413383753493,0.15499505797460428,0.4626423603912118,0.4633652356521781,0.0,0.0,False,False,2.0,11.0,,,2.0,,,
202608040203,京都3R 2歳新馬,2,ダイヴ,10,47.9,16.0,0.0853120021173856,0.18946079892884451,0.08043548997608914,0.08249850812115336,0.0,0.7,False,False,10.0,7.0,,,10.0,,,
202608040203,京都3R 2歳新馬,3,リアルハーン,11,70.1,5.0,0.05719067834047779,0.1785296231633354,0.058140079721374104,0.062192356025879234,0.0,0.0,False,False,11.0,9.0,,,11.0,,,
202608040203,京都3R 2歳新馬,4,マカロンボイス,6,14.0,11.0,0.24433534727947967,0.32817644557863235,0.2172481118438157,0.22281763785323114,0.0,0.0,False,False,6.0,1.0,,,6.0,,,
202608040203,京都3R 2歳新馬,5,インユアスカイ,3,5.7,8.0,0.38293896845914016,0.20266308607865338,0.3909533347354446,0.3934730984822616,0.0,0.0,False,False,4.0,5.0,,,3.0,,,
202608040203,京都3R 2歳新馬,6,スリーオブスペイズ,8,28.4,6.0,0.12526528350492705,0.2422554774160585,0.12652321074184283,0.13208717850466237,0.0,0.0,False,False,8.0,3.0,,,8.0,,,
202608040203,京都3R 2歳新馬,7,オージーブラック,14,168.2,15.0,0.020873109429632525,0.19392134083250537,0.020568585327622003,0.022678959935939744,0.0,0.0,False,False,14.0,6.0,,,14.0,,,
202608040203,京都3R 2歳新馬,8,マンノエンプレス,7,16.5,4.0,0.22150543120905822,0.15535248015281886,0.19575377066616295,0.20146432418815116,0.0,0.0,False,False,7.0,10.0,,,7.0,,,
202608040203,京都3R 2歳新馬,9,アップルペアー,13,105.8,13.0,0.030960988128740353,0.10049715038261516,0.03614483056258228,0.039214289867267535,0.0,0.0,False,False,13.0,16.0,,,12.0,,,
202608040203,京都3R 2歳新馬,10,ランスオブナイト,9,45.9,3.0,0.09692404811936804,0.27345640087885215,0.08481050202045168,0.08967355236765498,0.0,0.0,False,False,9.0,2.0,,,9.0,,,
202608040203,京都3R 2歳新馬,11,エリーマイラヴ,4,6.2,7.0,0.43212070500136257,0.24216752314088347,0.3652165383375318,0.36833517414472944,0.0,0.0,False,False,3.0,4.0,,,4.0,,,
202608040203,京都3R 2歳新馬,12,フェイマスウルフ,16,253.1,10.0,0.009220851854658036,0.18722239380364838,0.011345511876036076,0.012718214242781878,0.0,0.0,False,False,16.0,8.0,,,16.0,,,
202608040203,京都3R 2歳新馬,13,アマリス,12,104.2,12.0,0.033207736072974586,0.11131631018265882,0.03518947938921803,0.03694133710219863,0.0,0.7,False,False,12.0,15.0,,,13.0,,,
202608040203,京都3R 2歳新馬,14,タガノゲイル,1,3.0,2.0,0.5977444992925284,0.14573003096607817,0.5548068814205759,0.5531403016739583,0.0,0.0,False,False,1.0,13.0,,,1.0,,,
202608040203,京都3R 2歳新馬,15,ラムネ,5,10.1,14.0,0.29493193302645104,0.15368858075656103,0.2628331287393671,0.2678853280652008,0.0,0.0,False,False,5.0,12.0,,,5.0,,,
202608040203,京都3R 2歳新馬,16,ギニー,15,176.4,9.0,0.019009182258652824,0.1405672997632501,0.020041731229900054,0.022114213566236055,0.0,0.0,False,False,15.0,14.0,,,15.0,,,
202608040204,京都4R 2歳新馬,1,ワンダープレマ,12,160.4,10.0,0.023846908366976362,0.20384072791031385,0.02804720947437388,0.030653280299461787,0.0,0.0,False,False,11.0,8.0,,,12.0,,,
202608040204,京都4R 2歳新馬,2,バードギール,3,6.7,12.0,0.47193636738003364,0.21865215189392218,0.42544261999158445,0.42711599832302266,0.0,0.0,False,False,3.0,6.0,,,3.0,,,
202608040204,京都4R 2歳新馬,3,スイートリディア,9,37.8,3.0,0.13160800466828126,0.1413328388009109,0.1347248353645781,0.1403637579487948,0.0,0.0,False,False,9.0,10.0,,,7.0,,,
202608040204,京都4R 2歳新馬,4,ルシオラ,7,35.0,6.0,0.14901725657801404,0.2653360867513111,0.13433479275122187,0.1399705556193219,0.0,0.0,False,False,7.0,4.0,,,8.0,,,
202608040204,京都4R 2歳新馬,5,ブライトスクリプト,1,1.5,1.0,0.8579938951474447,0.17805870416579656,0.8254762941273351,0.8194082055624345,0.0,0.0,False,False,1.0,9.0,,,1.0,,,
202608040204,京都4R 2歳新馬,6,テイケイモエ,16,247.0,14.0,0.008920249392073865,0.13791122426136232,0.015043949239754993,0.016733280365249365,0.0,0.0,False,False,16.0,11.0,,,15.0,,,
202608040204,京都4R 2歳新馬,7,リリックラヴ,2,5.8,15.0,0.5199572950359614,0.13168590466945448,0.4361940536001712,0.4375958267707529,0.0,0.0,False,False,2.0,13.0,,,2.0,,,
202608040204,京都4R 2歳新馬,8,ワンダールカ,8,37.8,9.0,0.13945311549591752,0.23359953719408819,0.13064748928792277,0.13625140526171609,0.0,0.0,False,False,8.0,5.0,,,9.0,,,
202608040204,京都4R 2歳新馬,9,イグナイトフィール,5,21.3,3.0,0.20987703317246398,0.2834363601673401,0.20097248677440882,0.20665565891022028,0.0,0.0,False,False,5.0,2.0,,,5.0,,,
202608040204,京都4R 2歳新馬,10,シュネルマリス,13,178.4,16.0,0.02206918575624573,0.1372223240821666,0.02349662689367739,0.025810022108743676,0.0,0.0,False,False,13.0,12.0,,,13.0,,,
202608040204,京都4R 2歳新馬,11,ルージュプリメーロ,6,26.6,8.0,0.1699265365025837,0.2749628136930982,0.1755188729755384,0.18129017751714824,0.0,0.0,False,False,6.0,3.0,,,6.0,,,
202608040204,京都4R 2歳新馬,12,サウンドアミューズ,10,79.5,5.0,0.04715859441297861,0.05986827151509755,0.06305013593831563,0.06727865306542732,0.0,0.0,False,False,10.0,16.0,,,10.0,,,
202608040204,京都4R 2歳新馬,13,ルーディン,15,242.8,13.0,0.016658877899701996,0.12938592985943612,0.014865029168552622,0.016539761892877126,0.0,0.0,False,False,15.0,14.0,,,16.0,,,
202608040204,京都4R 2歳新馬,14,ジャヤ,11,123.2,7.0,0.019616153200382666,0.06282710846437571,0.03683943066991357,0.03994565148987783,0.0,0.0,False,False,14.0,15.0,,,11.0,,,
202608040204,京都4R 2歳新馬,15,アマスペラーレ,14,186.5,11.0,0.02226932372057094,0.20407384660164948,0.022172010751758186,0.024395101624657755,0.0,0.0,False,False,12.0,7.0,,,14.0,,,
202608040204,京都4R 2歳新馬,16,ヘヴンインザレイン,4,14.8,2.0,0.2787999517991602,0.3378061699696764,0.2603169970912764,0.26540452190340263,0.0,0.0,False,False,4.0,1.0,,,4.0,,,
202608040205,京都5R 2歳新馬,1,クラウンソクラテス,7,44.1,5.0,0.09734944322646143,0.19512052816713574,0.11806077413937917,0.12352782594396461,0.0,0.0,False,False,7.0,8.0,,,7.0,,,
202608040205,京都5R 2歳新馬,2,アンバーライト,11,67.7,2.0,0.06061015355563828,0.24594403125575065,0.08474658026710954,0.08960807827496639,0.0,0.0,False,False,11.0,6.0,,,11.0,,,
202608040205,京都5R 2歳新馬,3,ジュンキング,1,2.3,4.0,0.6805901876163863,0.5374589506417138,0.7176212731363144,0.7124574825271036,0.0,0.0,False,False,2.0,1.0,,,1.0,,,
202608040205,京都5R 2歳新馬,4,オミゴト,9,51.4,9.0,0.091405850453421,0.14415158626497446,0.09891497903268669,0.10408150154059309,0.0,0.0,False,False,8.0,12.0,,,9.0,,,
202608040205,京都5R 2歳新馬,5,アスクハイタッチ,5,19.4,12.0,0.1991551179307503,0.3215304397788931,0.21702199814365314,0.22259338343545707,0.0,0.0,False,False,5.0,2.0,,,5.0,,,
202608040205,京都5R 2歳新馬,6,ジーティーギャング,2,2.6,3.0,0.7125754286264262,0.18453769901963976,0.6797450515994983,0.6675083251679204,0.0,0.7,False,False,1.0,9.0,,,2.0,,,
202608040205,京都5R 2歳新馬,7,シュテルンライト,12,125.9,7.0,0.025934059160714108,0.2514019722135082,0.038908833067736244,0.04212204069652138,0.0,0.0,False,False,12.0,5.0,,,12.0,,,
202608040205,京都5R 2歳新馬,8,トロカアニマダ,3,6.1,1.0,0.47267012342915166,0.155823473516702,0.44454713177206673,0.44573594420565843,0.0,0.0,False,False,3.0,11.0,,,3.0,,,
202608040205,京都5R 2歳新馬,9,ピュティアス,4,10.1,10.0,0.3211295983436833,0.2709095976631126,0.3321364114772444,0.3359698045781786,0.0,0.0,False,False,4.0,4.0,,,4.0,,,
202608040205,京都5R 2歳新馬,10,ザキノシュガー,8,50.1,6.0,0.09071107594732261,0.22801757677497983,0.10204172475886067,0.1072656061663743,0.0,0.0,False,False,9.0,7.0,,,8.0,,,
202608040205,京都5R 2歳新馬,11,ジワールドコア,6,40.0,8.0,0.11079247521757825,0.3049132998266198,0.12124558371798584,0.12675152953782562,0.0,0.0,False,False,6.0,3.0,,,6.0,,,
202608040205,京都5R 2歳新馬,12,タナオルフォーリア,10,53.7,11.0,0.08305549802758103,0.16019084487697016,0.09425072825802236,0.0993252139548461,0.0,0.0,False,False,10.0,10.0,,,10.0,,,
202608040206,京都6R 3歳以上1勝クラス,1,タイセイリアル,10,40.6,4.0,0.11861990293040367,0.14885202157848088,0.09212529210937431,0.09775628035167278,0.4,0.6,False,False,9.0,9.0,5.0,6.0,10.0,14.0,16.0,16.0
202608040206,京都6R 3歳以上1勝クラス,2,エアアルチーナ,1,3.5,1.0,0.49295333836583843,0.1646976130981257,0.48849724901754477,0.46070494572564175,0.0,2.1,False,False,2.0,8.0,12.0,11.0,1.0,1.0,5.0,7.0
202608040206,京都6R 3歳以上1勝クラス,3,メイショウソウテン,9,33.3,5.0,0.09542175944146747,0.2767540630978146,0.1120836665084421,0.1029354515543534,0.0,2.8,False,False,10.0,4.0,8.0,7.0,9.0,8.0,7.0,5.0
202608040206,京都6R 3歳以上1勝クラス,4,ブームバップビート,4,8.8,3.0,0.2638863528546745,0.27495238108592307,0.2901080794992333,0.32363788202637345,1.4,0.0,True,False,5.0,5.0,1.0,5.0,4.0,6.0,6.0,6.0
202608040206,京都6R 3歳以上1勝クラス,5,エチゴドラゴン,2,4.0,6.0,0.5094255267219623,0.3169957892749352,0.4657056873097614,0.48691600880240643,1.4,1.0,True,False,1.0,3.0,6.0,4.0,2.0,4.0,1.0,1.0
202608040206,京都6R 3歳以上1勝クラス,6,ビナハイバン,16,184.9,15.0,0.019157730567752093,0.11596158738607766,0.017447937058227787,0.01663728239258394,0.0,2.9,False,False,16.0,10.0,10.0,13.0,15.0,11.0,15.0,15.0
202608040206,京都6R 3歳以上1勝クラス,7,メイショウカスガイ,14,169.2,14.0,0.02625795200181045,0.10595285721147293,0.019764412241803395,0.019628471342034885,0.0,2.0,False,False,14.0,12.0,15.0,12.0,14.0,10.0,14.0,14.0
202608040206,京都6R 3歳以上1勝クラス,8,テスタヴェローチェ,8,16.6,13.0,0.1799442332413909,0.22982761730550935,0.18133966271747018,0.1957215987285654,1.4,1.5,True,False,8.0,6.0,3.0,1.0,8.0,9.0,4.0,3.0
202608040206,京都6R 3歳以上1勝クラス,9,インディゴ,12,60.7,12.0,0.07349709690221817,0.09970951595303383,0.06671097219883691,0.07728935334815837,1.4,0.8,True,False,11.0,13.0,2.0,2.0,12.0,12.0,10.0,12.0
202608040206,京都6R 3歳以上1勝クラス,10,テイエムスターラン,11,58.0,9.0,0.06903282840855973,0.2270992327024615,0.06876526461858581,0.07158943642177606,0.0,0.4,False,False,12.0,7.0,9.0,15.0,11.0,14.0,8.0,13.0
202608040206,京都6R 3歳以上1勝クラス,11,ビゾー,13,105.3,16.0,0.03930076491276388,0.11066936758455855,0.03598108649623768,0.0362649702667263,0.0,1.4,False,False,13.0,11.0,16.0,16.0,13.0,7.0,13.0,10.0
202608040206,京都6R 3歳以上1勝クラス,12,マーゴットバディ,3,5.1,2.0,0.43437074659287617,0.37083417054094936,0.4133077827535008,0.43543606366007037,1.4,1.0,True,False,3.0,1.0,4.0,3.0,3.0,3.0,2.0,8.0
202608040206,京都6R 3歳以上1勝クラス,13,ホウオウストライク,7,13.1,7.0,0.19149213371252954,0.07697390762375907,0.21301210301078727,0.18685216540507127,0.0,3.7,False,False,7.0,15.0,14.0,10.0,7.0,2.0,12.0,11.0
202608040206,京都6R 3歳以上1勝クラス,14,ゴンタ,5,11.4,8.0,0.2722849131743743,0.3540724257227532,0.23585079639663167,0.24388308475684273,0.4,0.4,False,False,4.0,2.0,7.0,8.0,5.0,5.0,3.0,4.0
202608040206,京都6R 3歳以上1勝クラス,15,サントルドパリ,6,12.4,10.0,0.23283899630807686,0.09432305190393536,0.214967355543899,0.18202046691912593,0.0,4.5,False,False,6.0,14.0,11.0,9.0,6.0,16.0,9.0,2.0
202608040206,京都6R 3歳以上1勝クラス,16,シャインベック,15,177.4,11.0,0.023472057783308745,0.032324397930210164,0.017156446489421363,0.016178438668073777,0.0,3.1,False,False,15.0,16.0,13.0,14.0,16.0,13.0,11.0,9.0
202608040207,京都7R 3歳以上1勝クラス,1,ニシノトリビュート,9,18.4,6.0,0.17486659631370444,0.19184726348605394,0.15716156836648365,0.1597094452846784,0.0,0.4,False,False,9.0,10.0,9.0,16.0,9.0,9.0,12.0,6.0
202608040207,京都7R 3歳以上1勝クラス,2,グロリアスマーチ,8,14.3,3.0,0.21612629983176193,0.36479462785102623,0.18378977380118144,0.18369160463981907,0.4,1.4,False,False,7.0,1.0,7.0,7.0,8.0,5.0,1.0,8.0
202608040207,京都7R 3歳以上1勝クラス,3,ミトノリン,10,23.7,12.0,0.1548223876153194,0.1197911098145937,0.127011939218794,0.11560841733578527,0.0,3.0,False,False,10.0,11.0,13.0,8.0,10.0,11.0,9.0,14.0
202608040207,京都7R 3歳以上1勝クラス,4,マウンテンバローズ,3,6.0,1.0,0.3747120400278554,0.33179848793422395,0.32451312745036603,0.31425641330752907,0.4,2.0,False,False,2.0,2.0,5.0,12.0,3.0,4.0,3.0,2.0
202608040207,京都7R 3歳以上1勝クラス,5,ダイイズキャスト,12,99.7,11.0,0.07237507730899827,0.2009398140014562,0.03451754855371597,0.03665215255181695,0.0,0.4,False,False,11.0,8.0,15.0,17.0,12.0,16.0,16.0,12.0
202608040207,京都7R 3歳以上1勝クラス,6,ブルズアイプリンス,15,187.3,14.0,0.01506496653556602,0.05541949828055113,0.015907096998441686,0.01601696677500298,0.0,1.9,False,False,14.0,14.0,11.0,9.0,15.0,12.0,13.0,9.0
202608040207,京都7R 3歳以上1勝クラス,7,リアルアルバ,14,155.9,13.0,0.022753125515605967,0.05589708822482505,0.02039374865247407,0.019369948245746952,0.0,2.9,False,False,13.0,13.0,16.0,10.0,14.0,13.0,14.0,17.0
202608040207,京都7R 3歳以上1勝クラス,8,ペルフェツィオーネ,17,204.9,7.0,0.00996342159129286,0.035291143843701196,0.014338759883355822,0.01493007882470381,0.0,1.3,False,False,18.0,16.0,12.0,11.0,17.0,17.0,15.0,15.0
202608040207,京都7R 3歳以上1勝クラス,9,ベルサ,4,6.3,2.0,0.3513775482449743,0.2556941539078719,0.3215609079285799,0.3279642632231668,1.4,2.4,True,False,3.0,5.0,2.0,2.0,4.0,7.0,8.0,7.0
202608040207,京都7R 3歳以上1勝クラス,10,ラインピクシー,11,53.8,5.0,0.06138445961129392,0.08707231161535095,0.0641954121991092,0.06289537003995582,0.4,2.4,False,False,12.0,12.0,6.0,6.0,11.0,10.0,11.0,5.0
202608040207,京都7R 3歳以上1勝クラス,11,ホーリーステップ,2,5.2,16.0,0.32112263766617327,0.204534298508699,0.35486235486189094,0.349588676249641,1.4,3.3,True,True,4.0,7.0,4.0,5.0,2.0,2.0,2.0,11.0
202608040207,京都7R 3歳以上1勝クラス,12,アーリントンロウ,6,9.3,8.0,0.31099586857366474,0.27696644571477963,0.2513198349386106,0.2486103263646093,1.4,3.3,True,False,5.0,4.0,1.0,3.0,6.0,8.0,5.0,1.0
202608040207,京都7R 3歳以上1勝クラス,13,ラブアイミー,18,248.0,17.0,0.014019868562497343,0.030032083104464893,0.010373178294553859,0.010338591484818471,0.0,2.3,False,False,15.0,17.0,14.0,13.0,18.0,14.0,17.0,13.0
202608040207,京都7R 3歳以上1勝クラス,14,ムーンリットアイル,1,5.1,4.0,0.41938687268998376,0.32374399233419254,0.36672757725101385,0.3943915336427591,1.4,0.6,True,False,1.0,3.0,3.0,4.0,1.0,6.0,4.0,3.0
202608040207,京都7R 3歳以上1勝クラス,15,アルサック,7,13.4,15.0,0.21391939875944957,0.19496120445891543,0.19500655181702808,0.17152148394685007,0.0,3.6,False,False,8.0,9.0,8.0,14.0,7.0,1.0,7.0,10.0
202608040207,京都7R 3歳以上1勝クラス,16,ブルーレース,5,7.4,10.0,0.25787092662576516,0.20500670288191114,0.2861312104450801,0.28359001882324925,1.0,2.5,False,True,6.0,6.0,10.0,1.0,5.0,3.0,6.0,4.0
202608040207,京都7R 3歳以上1勝クラス,17,ソリスディエス,13,141.6,9.0,0.012204858359918833,0.016997426541208824,0.022064096406558337,0.02010217108657366,0.0,3.6,False,False,16.0,18.0,18.0,18.0,13.0,17.0,18.0,18.0
202608040207,京都7R 3歳以上1勝クラス,18,グリフォン,16,200.3,18.0,0.010795734176816126,0.049212347496173335,0.014671494362301887,0.014051548076761932,0.0,2.9,False,False,17.0,15.0,17.0,15.0,16.0,15.0,10.0,16.0
202608040208,京都8R 3歳以上2勝クラス,1,ライトオブヌカタ,3,7.5,3.0,0.33322306795274353,0.23022311491261263,0.31728365612023396,0.3326796428678367,1.4,1.6,True,False,4.0,6.0,2.0,2.0,3.0,3.0,4.0,2.0
202608040208,京都8R 3歳以上2勝クラス,2,アメリカンポリス,8,15.7,16.0,0.16537914361075295,0.304868503847328,0.1821774705869851,0.15556854870044945,0.0,4.3,False,False,8.0,2.0,11.0,13.0,8.0,10.0,5.0,5.0
202608040208,京都8R 3歳以上2勝クラス,3,ポッドドンナー,6,9.2,4.0,0.31144877039621355,0.2016574137021525,0.27703832669243833,0.2771003259705827,0.0,0.4,False,False,5.0,7.0,6.0,11.0,6.0,4.0,1.0,3.0
202608040208,京都8R 3歳以上2勝クラス,4,サヨノジャンボリー,11,98.3,7.0,0.07103849259443624,0.2637315673901403,0.03847471162241926,0.038964930871159605,0.4,2.0,False,False,10.0,4.0,5.0,15.0,11.0,7.0,16.0,14.0
202608040208,京都8R 3歳以上2勝クラス,5,オセアエクスプレス,14,169.7,10.0,0.027765442874187307,0.16278010109349408,0.02062939055146691,0.021100984281032617,0.0,1.4,False,False,13.0,9.0,13.0,7.0,14.0,5.0,10.0,12.0
202608040208,京都8R 3歳以上2勝クラス,6,ジューンアゲイン,1,3.4,2.0,0.5236311940063321,0.2943904761669866,0.497423163961788,0.5122131798078005,1.4,1.4,True,False,1.0,3.0,4.0,3.0,1.0,1.0,3.0,6.0
202608040208,京都8R 3歳以上2勝クラス,7,エコロボルト,10,85.5,12.0,0.04308663247235001,0.1616351013845326,0.04364150000707431,0.03914178225571995,0.0,3.6,False,False,11.0,10.0,15.0,16.0,10.0,12.0,15.0,16.0
202608040208,京都8R 3歳以上2勝クラス,8,メモリーグラス,15,257.0,6.0,0.008151565323078817,0.03735959499976538,0.011067686188312999,0.01366660148129632,1.0,0.0,False,False,15.0,16.0,10.0,5.0,15.0,9.0,13.0,9.0
202608040208,京都8R 3歳以上2勝クラス,9,キタノライブリー,12,104.4,14.0,0.04177094659521101,0.14177421770026527,0.03746544295866681,0.0396901845103,0.0,0.4,False,False,12.0,11.0,9.0,10.0,12.0,7.0,14.0,8.0
202608040208,京都8R 3歳以上2勝クラス,10,ザックザク,2,4.6,1.0,0.5153421814960746,0.4288036037187007,0.43364566528138837,0.4386484017667291,0.4,0.4,False,False,2.0,1.0,1.0,8.0,2.0,2.0,2.0,1.0
202608040208,京都8R 3歳以上2勝クラス,11,デアプリームス,7,10.3,15.0,0.254334810488867,0.24025613155733003,0.2528165579860689,0.23117380619883662,0.4,3.5,False,False,7.0,5.0,3.0,12.0,7.0,6.0,7.0,10.0
202608040208,京都8R 3歳以上2勝クラス,12,モンシェリ,16,300.8,11.0,0.00777575732220938,0.08612300115074824,0.00865599480297381,0.009275910998581435,0.0,1.0,False,False,16.0,13.0,16.0,6.0,16.0,13.0,11.0,15.0
202608040208,京都8R 3歳以上2勝クラス,13,フェスティヴドレス,9,22.1,8.0,0.12923036544522007,0.1768860128637471,0.1521962745183425,0.15480807537903263,0.0,0.4,False,False,9.0,8.0,8.0,14.0,9.0,13.0,8.0,11.0
202608040208,京都8R 3歳以上2勝クラス,14,ランスオブセヘル,5,8.2,5.0,0.2711447794254698,0.0816377658743225,0.2986634592472442,0.2973862994913858,1.0,2.4,False,False,6.0,14.0,14.0,4.0,4.0,13.0,6.0,13.0
202608040208,京都8R 3歳以上2勝クラス,15,バックトゥザライト,13,160.9,13.0,0.017787207815248663,0.05774294326324774,0.02169031495446186,0.023154749879433004,1.0,2.4,False,False,14.0,15.0,7.0,1.0,13.0,16.0,12.0,7.0
202608040208,京都8R 3歳以上2勝クラス,16,マキシマムビスタ,4,8.0,9.0,0.36136169868169166,0.1301304503746265,0.2890025869014887,0.2648929959393236,0.0,2.7,False,True,3.0,12.0,12.0,9.0,5.0,11.0,9.0,4.0
202608040209,京都9R 大原S,1,ホウオウアートマン,12,61.5,14.0,0.08345256719266758,0.15750679545675067,0.07447185146333038,0.0746929959121262,0.4,1.9,False,False,10.0,10.0,5.0,10.0,12.0,15.0,5.0,2.0
202608040209,京都9R 大原S,2,ナムラフッカー,15,167.3,15.0,0.028412194016721695,0.04830086278498586,0.025259419186403512,0.025698300038318724,0.0,1.4,False,False,15.0,17.0,16.0,14.0,15.0,17.0,16.0,16.0
202608040209,京都9R 大原S,3,レディーミコノス,5,16.3,6.0,0.2578391081486015,0.392500006194622,0.21553652421412733,0.20819857291044755,0.0,1.4,False,False,5.0,1.0,12.0,7.0,5.0,4.0,7.0,5.0
202608040209,京都9R 大原S,4,チェルノボーグ,9,45.1,3.0,0.08456614519245229,0.1211472796372328,0.10396550659206856,0.0991562462292285,0.0,2.0,False,False,9.0,12.0,10.0,9.0,9.0,6.0,10.0,11.0
202608040209,京都9R 大原S,5,キュクヌス,10,46.8,18.0,0.08050151569553447,0.20916198361109506,0.09666177282206377,0.11038411983222733,1.4,0.8,True,False,11.0,5.0,3.0,4.0,10.0,3.0,3.0,6.0
202608040209,京都9R 大原S,6,キントリヒ,16,174.9,8.0,0.015146777310806945,0.08033802112231107,0.02379787253985194,0.024249695501139545,0.0,1.4,False,False,16.0,13.0,15.0,13.0,16.0,7.0,17.0,17.0
202608040209,京都9R 大原S,7,カリーニョ,4,11.0,5.0,0.37223200702514186,0.3541635224928549,0.29021991264871455,0.279158194424667,0.0,1.4,False,False,4.0,2.0,13.0,18.0,4.0,12.0,13.0,18.0
202608040209,京都9R 大原S,8,ヴィスマール,6,36.1,1.0,0.14696806507022056,0.18650349976904532,0.11949437960888801,0.11615659666959421,0.4,2.3,False,False,6.0,7.0,7.0,17.0,6.0,16.0,6.0,14.0
202608040209,京都9R 大原S,9,ホウオウスーペリア,11,53.6,10.0,0.07929785955905773,0.16749268894387806,0.083678787878631,0.09611219810626609,1.4,0.8,True,False,12.0,9.0,6.0,1.0,11.0,2.0,8.0,9.0
202608040209,京都9R 大原S,10,スズカダブル,17,175.4,13.0,0.009396870811435651,0.03985375580883234,0.022538247226467356,0.023792665978444667,1.4,3.3,True,False,17.0,18.0,8.0,2.0,17.0,14.0,12.0,15.0
202608040209,京都9R 大原S,11,ローベルクランツ,2,6.0,4.0,0.5141577701380474,0.17221568613911772,0.4057560580932856,0.4006205766978328,0.4,1.3,False,False,2.0,8.0,1.0,11.0,2.0,10.0,2.0,3.0
202608040209,京都9R 大原S,12,ファームツエンティ,8,44.7,7.0,0.09716560021377983,0.19237155536153336,0.1060103306518784,0.10897694504426793,0.0,0.4,False,False,8.0,6.0,14.0,16.0,8.0,5.0,14.0,8.0
202608040209,京都9R 大原S,13,リーティアコナル,14,119.8,17.0,0.04037658134021245,0.14386421377271771,0.03565931414710544,0.037458929105810314,1.4,3.2,True,False,14.0,11.0,4.0,3.0,14.0,18.0,18.0,13.0
202608040209,京都9R 大原S,14,ミュージシャン,3,6.5,2.0,0.40425864689285074,0.285111368412763,0.3957232378338676,0.3725713944568773,0.0,2.0,False,False,3.0,3.0,9.0,15.0,3.0,8.0,4.0,4.0
202608040209,京都9R 大原S,15,ミスタージーティー,7,38.1,11.0,0.13053945655731536,0.06997487195084046,0.11734293922748099,0.11163946776856756,0.0,2.0,False,False,7.0,14.0,11.0,8.0,7.0,9.0,15.0,12.0
202608040209,京都9R 大原S,16,オールセインツ,13,86.8,16.0,0.05806205251435367,0.05417528214692088,0.05235050547787046,0.053434791317046954,0.0,1.0,False,False,13.0,16.0,17.0,6.0,13.0,13.0,9.0,7.0
202608040209,京都9R 大原S,17,シンゼンカガ,18,224.7,12.0,0.007383023826470618,0.05908632611037311,0.01607930202182635,0.016556144934763525,0.0,1.4,False,False,18.0,15.0,18.0,12.0,18.0,11.0,11.0,10.0
202608040209,京都9R 大原S,18,ロードフィレール,1,1.7,9.0,0.7702207706970488,0.2662322802841259,0.7632547075779046,0.7745136152900508,1.4,0.8,True,False,1.0,4.0,2.0,5.0,1.0,1.0,1.0,1.0
202608040210,京都10R 藤森S,1,ロードラディウス,14,157.1,16.0,0.016989420097209523,0.05519225902273995,0.022298907824511247,0.0211322083459251,0.0,2.9,False,False,15.0,14.0,14.0,11.0,14.0,15.0,15.0,15.0
202608040210,京都10R 藤森S,2,グッジョブ,15,163.5,5.0,0.025346840426351137,0.07554076753373809,0.020761299161167483,0.021404775987110734,0.0,1.3,False,False,14.0,13.0,7.0,13.0,15.0,10.0,12.0,8.0
202608040210,京都10R 藤森S,3,アガシ,11,29.3,13.0,0.1291449673158488,0.08089254306430746,0.12142394678245594,0.13287931141279688,1.0,0.8,False,False,10.0,12.0,6.0,1.0,11.0,13.0,10.0,11.0
202608040210,京都10R 藤森S,4,ロードアウォード,6,14.1,15.0,0.2847985741605412,0.17809899314360153,0.19970081566478276,0.19473426410756828,1.0,3.1,False,False,5.0,5.0,9.0,5.0,6.0,9.0,4.0,3.0
202608040210,京都10R 藤森S,5,ロードフロンティア,4,8.7,6.0,0.31711539323299115,0.3131111470227788,0.2954847094359816,0.31087713936215333,1.4,1.6,True,False,4.0,4.0,3.0,4.0,4.0,5.0,9.0,6.0
202608040210,京都10R 藤森S,6,ペプチドヤマト,13,45.2,8.0,0.09036455459825829,0.05142340129643256,0.08605307924892523,0.08668532721911214,0.0,1.0,False,False,12.0,15.0,12.0,6.0,12.0,14.0,8.0,10.0
202608040210,京都10R 藤森S,7,メイショウホウレン,2,4.5,3.0,0.46652100640051064,0.3719567678767923,0.4283498891048116,0.3834002478863801,0.0,3.6,False,True,2.0,3.0,5.0,9.0,2.0,2.0,2.0,4.0
202608040210,京都10R 藤森S,8,コンクイスタ,3,7.5,11.0,0.3640869926702999,0.4819755137193466,0.31234646105129715,0.30828673222970787,0.4,1.4,False,False,3.0,2.0,2.0,10.0,3.0,6.0,1.0,1.0
202608040210,京都10R 藤森S,9,エンヤラヴフェイス,9,20.4,7.0,0.1317821301637064,0.15987306196227918,0.15776359012245447,0.1603034274840895,0.0,0.4,False,False,9.0,8.0,10.0,12.0,9.0,3.0,14.0,12.0
202608040210,京都10R 藤森S,10,スマートフォルス,7,14.5,10.0,0.21920343303526554,0.12741471516155822,0.2027787169680235,0.2172677155517785,1.0,0.8,False,False,6.0,10.0,8.0,2.0,5.0,8.0,6.0,2.0
202608040210,京都10R 藤森S,11,ケイアイアニラ,16,196.8,14.0,0.009591166805697379,0.03934435630979146,0.01695312401138456,0.01805650622537551,1.0,2.6,False,False,16.0,16.0,16.0,3.0,16.0,16.0,11.0,16.0
202608040210,京都10R 藤森S,12,サトノカルナバル,5,13.8,4.0,0.17456093364539957,0.16022319811056987,0.19801716464632413,0.17189654282474517,0.0,3.9,False,True,8.0,7.0,13.0,16.0,7.0,7.0,13.0,14.0
202608040210,京都10R 藤森S,13,ドンレパルス,10,26.5,9.0,0.12041865733611495,0.13444788753980425,0.12912137048933645,0.13639539670760845,0.4,0.4,False,False,11.0,9.0,4.0,7.0,10.0,4.0,3.0,9.0
202608040210,京都10R 藤森S,14,ゼットエール,1,3.1,1.0,0.5378619768121762,0.48681317840284466,0.5271394606158987,0.4787183642948854,0.4,4.3,False,True,1.0,1.0,1.0,8.0,1.0,1.0,5.0,5.0
202608040210,京都10R 藤森S,15,ルージュラナキラ,8,15.3,2.0,0.1806756170188194,0.17556948421763452,0.185587883092378,0.1568807414264056,0.0,4.5,False,False,7.0,6.0,15.0,15.0,8.0,12.0,7.0,7.0
202608040210,京都10R 藤森S,16,エコロエイト,12,43.2,12.0,0.07793203147034658,0.10812272561578026,0.08427954736140861,0.07502562309132513,0.0,3.5,False,False,13.0,11.0,11.0,14.0,13.0,11.0,16.0,13.0
202608040211,京都11R 京都大賞典,1,ウエストナウ,4,7.4,6.0,0.32047111912021964,0.12351806361042882,0.27094614177592785,0.2676480471832432,0.4,1.5,False,False,4.0,11.0,2.0,6.0,4.0,12.0,17.0,16.0
202608040211,京都11R 京都大賞典,2,ヴェルテンベルク,7,17.0,7.0,0.18612150286142246,0.1775465364140289,0.1517815780426057,0.14427764755240555,0.0,2.0,False,False,8.0,7.0,16.0,14.0,7.0,1.0,12.0,5.0
202608040211,京都11R 京都大賞典,3,ディープモンスター,3,5.6,4.0,0.38363811487001753,0.12699607041222782,0.33391988676077483,0.3432041188267256,1.4,2.1,True,False,3.0,10.0,1.0,2.0,3.0,11.0,4.0,6.0
202608040211,京都11R 京都大賞典,4,ヘデントール,5,8.8,5.0,0.31515011932073655,0.46022068614243294,0.25162425558641116,0.23435861903673189,0.0,2.3,False,False,5.0,1.0,10.0,17.0,5.0,3.0,1.0,3.0
202608040211,京都11R 京都大賞典,5,ヴェルミセル,16,94.2,13.0,0.058127010616518565,0.0431378233871082,0.03780850895530204,0.036454904949000916,0.0,2.3,False,False,15.0,16.0,17.0,18.0,16.0,13.0,9.0,15.0
202608040211,京都11R 京都大賞典,6,アクアヴァーナル,2,5.5,3.0,0.40561548363070804,0.20833211341227123,0.34366932431366265,0.32028991131159423,0.0,2.3,False,False,2.0,5.0,13.0,16.0,2.0,2.0,10.0,2.0
202608040211,京都11R 京都大賞典,7,リビアングラス,18,144.0,14.0,0.01742076967481843,0.029661174137250335,0.022964730531128293,0.023422889882424584,0.0,1.4,False,False,17.0,17.0,12.0,7.0,18.0,18.0,16.0,14.0
202608040211,京都11R 京都大賞典,8,ミクニインスパイア,6,9.1,18.0,0.2774316318472094,0.3832036790629838,0.2397399021950343,0.21732125176405326,0.0,3.0,False,False,6.0,3.0,14.0,12.0,6.0,15.0,7.0,7.0
202608040211,京都11R 京都大賞典,9,ミステリーウェイ,14,53.0,11.0,0.08769210541070953,0.06390293038725486,0.06160367102337871,0.053076936577826105,0.0,4.3,False,False,13.0,15.0,15.0,8.0,14.0,15.0,13.0,17.0
202608040211,京都11R 京都大賞典,10,マイネルエンペラー,8,21.8,2.0,0.18967582962603946,0.14114453271772448,0.1337492588899291,0.1356348341154167,1.0,2.4,False,False,7.0,8.0,9.0,1.0,8.0,9.0,5.0,8.0
202608040211,京都11R 京都大賞典,11,ファミリータイム,9,22.7,12.0,0.14502018185708554,0.2116297278250676,0.1294853796739624,0.12151897387288986,0.0,2.3,False,False,10.0,4.0,7.0,11.0,9.0,5.0,15.0,13.0
202608040211,京都11R 京都大賞典,12,エコロディノス,11,29.0,1.0,0.1535747313038653,0.20401675137833788,0.10337293814210928,0.08842496597965338,0.0,4.3,False,False,9.0,6.0,18.0,13.0,11.0,10.0,6.0,10.0
202608040211,京都11R 京都大賞典,13,サフィラ,15,73.3,8.0,0.051273849412744626,0.06901379122670667,0.04782021507638815,0.049995546742876554,0.4,1.3,False,False,16.0,14.0,4.0,10.0,15.0,17.0,14.0,11.0
202608040211,京都11R 京都大賞典,14,サヴォーナ,10,27.0,17.0,0.10338529211403674,0.1287056574061403,0.1109113773563496,0.11105089835862149,0.4,1.7,False,False,12.0,9.0,3.0,9.0,10.0,7.0,8.0,12.0
202608040211,京都11R 京都大賞典,15,メイショウブレゲ,17,138.0,15.0,0.01110464069489993,0.018815671126310583,0.02367044840747551,0.027142605236086255,1.0,1.0,False,False,18.0,18.0,11.0,5.0,17.0,14.0,18.0,18.0
202608040211,京都11R 京都大賞典,16,ショウナンラプンタ,13,30.6,10.0,0.12776104661609203,0.09488938816383385,0.10138209403213419,0.10685764602735148,1.4,2.5,True,False,11.0,13.0,6.0,4.0,13.0,6.0,2.0,1.0
202608040211,京都11R 京都大賞典,17,キングスコール,12,30.3,16.0,0.08236554443051239,0.1108609232226039,0.10146884168990117,0.09007552553081814,0.0,3.5,False,False,14.0,12.0,8.0,15.0,12.0,8.0,11.0,9.0
202608040211,京都11R 京都大賞典,18,ダノンシーマ,1,5.1,9.0,0.4256063452553161,0.40440447996728734,0.3592477107552719,0.3943344516933028,1.4,0.0,True,False,1.0,2.0,5.0,3.0,1.0,4.0,3.0,4.0
202608040212,京都12R 3歳以上2勝クラス,1,ファイツオン,11,33.8,16.0,0.11097313230348158,0.20281844578113337,0.10959187249819757,0.10034428431130508,0.0,2.9,False,False,11.0,6.0,16.0,12.0,11.0,11.0,18.0,16.0
202608040212,京都12R 3歳以上2勝クラス,2,スイミーユニバンス,14,91.8,2.0,0.05940600078173912,0.15679426979696642,0.04406633948582837,0.052134642919617946,1.0,0.0,False,False,13.0,9.0,6.0,5.0,14.0,8.0,11.0,9.0
202608040212,京都12R 3歳以上2勝クラス,3,ジュルナール,7,22.2,15.0,0.18846955438903726,0.12867755748848497,0.15219195432595256,0.16925146686747725,1.4,1.0,True,False,7.0,11.0,2.0,2.0,8.0,15.0,17.0,18.0
202608040212,京都12R 3歳以上2勝クラス,4,ガラベイヤ,2,6.5,10.0,0.3883148107131739,0.2932196907423424,0.3490450705966507,0.3370712460003346,0.0,1.3,False,False,3.0,3.0,5.0,15.0,2.0,2.0,2.0,2.0
202608040212,京都12R 3歳以上2勝クラス,5,モンサンゴールデン,6,13.0,8.0,0.23481478934037434,0.27193105213311003,0.2299504717161537,0.2434812155514395,1.0,1.0,False,False,6.0,4.0,13.0,3.0,6.0,9.0,4.0,11.0
202608040212,京都12R 3歳以上2勝クラス,6,サンライズプルート,9,29.2,7.0,0.18767395067476367,0.16070691574505125,0.12802879936186579,0.12061984864690599,0.0,2.2,False,False,8.0,8.0,15.0,9.0,9.0,6.0,15.0,10.0
202608040212,京都12R 3歳以上2勝クラス,7,ロードトレゾール,5,12.2,13.0,0.24218250345831008,0.12138772726702349,0.23555422704506068,0.2416592198049981,1.0,1.8,False,False,5.0,12.0,10.0,1.0,5.0,10.0,9.0,7.0
202608040212,京都12R 3歳以上2勝クラス,8,バシレウスシチー,15,102.6,17.0,0.039577222540190464,0.07578519374487876,0.04048314640969929,0.04067602742601121,0.0,1.4,False,False,15.0,15.0,12.0,11.0,15.0,17.0,10.0,13.0
202608040212,京都12R 3歳以上2勝クラス,9,トップアタック,3,7.5,6.0,0.4051707285207669,0.33717244027205767,0.3294620989466028,0.30122254893891287,0.0,2.8,False,True,2.0,2.0,7.0,13.0,3.0,5.0,3.0,5.0
202608040212,京都12R 3歳以上2勝クラス,10,メイショウゴールド,12,65.2,4.0,0.07008771984424714,0.09548106764746164,0.06244759893049156,0.06573589442998047,1.4,2.8,True,False,12.0,14.0,1.0,4.0,12.0,14.0,13.0,4.0
202608040212,京都12R 3歳以上2勝クラス,11,アイニードユー,1,2.2,1.0,0.6473397189146093,0.35888994249090933,0.6516092204470048,0.6289350923739043,0.4,2.3,False,False,1.0,1.0,3.0,6.0,1.0,4.0,1.0,1.0
202608040212,京都12R 3歳以上2勝クラス,12,サクセスカラー,13,87.9,11.0,0.051404130718334724,0.11247629742508831,0.04713039491912017,0.049603666722813106,0.0,0.4,False,False,14.0,13.0,14.0,7.0,13.0,12.0,7.0,3.0
202608040212,京都12R 3歳以上2勝クラス,13,グッドピース,8,22.8,5.0,0.13238563653695834,0.15554484151394332,0.15570574702468476,0.14569766427489791,0.0,2.3,False,False,9.0,10.0,11.0,18.0,7.0,3.0,5.0,8.0
202608040212,京都12R 3歳以上2勝クラス,14,マーゴットミスト,4,9.5,3.0,0.3203133615038381,0.21484093806216956,0.2706914016671509,0.24801961398012198,0.0,2.7,False,True,4.0,5.0,9.0,17.0,4.0,1.0,6.0,12.0
202608040212,京都12R 3歳以上2勝クラス,15,マイネルラッシュ,18,260.9,12.0,0.005575614993076762,0.05122233653814819,0.011539062923368558,0.011989786294111644,0.0,1.4,False,False,18.0,17.0,8.0,8.0,18.0,13.0,16.0,14.0
202608040212,京都12R 3歳以上2勝クラス,16,スネーフリンガ,10,32.9,14.0,0.11674855893238745,0.16317556394141663,0.11777791495315365,0.11204509713222927,0.0,2.0,False,False,10.0,7.0,4.0,10.0,10.0,7.0,12.0,6.0
202608040212,京都12R 3歳以上2勝クラス,17,タマカヅラ,16,133.9,18.0,0.015420013498523377,0.05720475418643367,0.027838198489756192,0.025222743653671477,0.0,3.6,False,False,16.0,16.0,18.0,14.0,16.0,18.0,8.0,17.0
202608040212,京都12R 3歳以上2勝クラス,18,ルージュサウダージ,17,172.5,9.0,0.013519753735587352,0.04267096522338128,0.02022091861873623,0.02086235343675641,0.0,1.3,False,False,17.0,18.0,17.0,16.0,17.0,16.0,14.0,15.0
